id,team_fifa_api_id,team_api_id,date,buildUpPlaySpeed,buildUpPlayDribbling,buildUpPlayPassing,buildUpPlayPositioningClass,chanceCreationPassing,chanceCreationCrossing,chanceCreationShooting,chanceCreationPositioningClass,defencePressure,defenceAggression,defenceTeamWidth,defenceDefenderLineClass
1,434,9930,2010-02-22 00:00:00,60,,50,Organised,60,65,55,Organised,50,55,45,Cover
2,434,9930,2014-09-19 00:00:00,52,48.0,56,Organised,54,63,64,Organised,47,44,54,Cover
3,434,9930,2015-09-10 00:00:00,47,41.0,54,Organised,54,63,64,Organised,47,44,54,Cover
4,77,8485,2010-02-22 00:00:00,70,,70,Organised,70,70,70,Organised,60,70,70,Cover
5,77,8485,2011-02-22 00:00:00,47,,52,Organised,53,48,52,Organised,47,47,52,Cover
6,77,8485,2012-02-22 00:00:00,58,,62,Organised,45,70,55,Organised,40,40,60,Cover
7,77,8485,2013-09-20 00:00:00,62,,45,Organised,40,50,55,Organised,42,42,60,Cover
8,77,8485,2014-09-19 00:00:00,58,64.0,62,Organised,56,68,57,Organised,41,42,60,Cover
9,77,8485,2015-09-10 00:00:00,59,64.0,53,Organised,51,72,63,Free Form,49,45,63,Cover
10,614,8576,2010-02-22 00:00:00,60,,40,Organised,45,35,55,Organised,30,70,30,Offside Trap
11,614,8576,2011-02-22 00:00:00,65,,45,Organised,65,65,50,Organised,45,45,50,Cover
12,614,8576,2012-02-22 00:00:00,59,,52,Organised,48,34,52,Organised,38,47,53,Cover
13,614,8576,2013-09-20 00:00:00,59,,52,Organised,48,34,52,Organised,38,47,53,Cover
14,614,8576,2014-09-19 00:00:00,59,57.0,52,Organised,48,38,52,Organised,38,47,53,Cover
15,614,8576,2015-09-10 00:00:00,59,57.0,52,Organised,48,38,52,Organised,38,47,53,Cover
16,47,8564,2010-02-22 00:00:00,45,,30,Free Form,55,45,70,Free Form,30,35,60,Offside Trap
17,47,8564,2011-02-22 00:00:00,65,,50,Organised,50,60,50,Free Form,50,50,50,Offside Trap
18,47,8564,2012-02-22 00:00:00,45,,50,Organised,65,20,50,Free Form,45,45,50,Cover
19,47,8564,2013-09-20 00:00:00,48,,54,Organised,51,53,64,Free Form,48,49,53,Cover
20,47,8564,2014-09-19 00:00:00,48,70.0,52,Organised,66,36,75,Organised,58,57,49,Cover
21,47,8564,2015-09-10 00:00:00,48,70.0,52,Organised,66,36,69,Organised,58,57,49,Cover
22,1901,10215,2010-02-22 00:00:00,30,,30,Organised,50,60,55,Organised,30,30,30,Offside Trap
23,1901,10215,2011-02-22 00:00:00,30,,50,Organised,50,50,55,Organised,30,45,65,Cover
24,1901,10215,2012-02-22 00:00:00,45,,44,Organised,55,57,60,Organised,52,38,61,Cover
25,1901,10215,2013-09-20 00:00:00,45,,44,Organised,55,57,60,Organised,52,38,61,Cover
26,1901,10215,2014-09-19 00:00:00,52,53.0,44,Organised,55,51,60,Organised,39,38,61,Cover
27,1901,10215,2015-09-10 00:00:00,53,53.0,44,Organised,55,51,60,Organised,39,38,61,Cover
28,650,10217,2010-02-22 00:00:00,30,,35,Organised,30,50,65,Organised,30,30,30,Cover
29,650,10217,2011-02-22 00:00:00,53,,53,Organised,48,67,66,Organised,46,62,65,Cover
30,650,10217,2012-02-22 00:00:00,38,,44,Organised,55,60,44,Organised,50,58,62,Cover
31,650,10217,2013-09-20 00:00:00,38,,47,Organised,55,55,44,Organised,50,58,52,Cover
32,650,10217,2014-09-19 00:00:00,58,47.0,55,Organised,55,52,44,Organised,57,50,52,Cover
33,650,10217,2015-09-10 00:00:00,56,40.0,66,Organised,55,52,38,Organised,40,50,52,Cover
34,245,8593,2010-02-22 00:00:00,30,,30,Free Form,50,60,70,Organised,30,30,30,Cover
35,245,8593,2011-02-22 00:00:00,40,,38,Free Form,67,65,67,Organised,65,57,63,Cover
36,245,8593,2012-02-22 00:00:00,31,,33,Organised,39,64,46,Free Form,68,65,60,Cover
37,245,8593,2013-09-20 00:00:00,35,,33,Free Form,39,52,46,Free Form,68,65,50,Cover
38,245,8593,2014-09-19 00:00:00,40,40.0,30,Organised,51,55,39,Free Form,64,53,64,Cover
39,245,8593,2015-09-10 00:00:00,35,43.0,39,Organised,58,55,30,Free Form,64,53,59,Cover
40,1861,9865,2010-02-22 00:00:00,65,,45,Organised,45,45,70,Organised,70,65,30,Cover
41,1861,9865,2011-02-22 00:00:00,55,,53,Organised,57,54,69,Organised,58,68,67,Cover
42,1861,9865,2012-02-22 00:00:00,42,,70,Organised,57,54,40,Organised,37,53,45,Cover
43,1861,9865,2013-09-20 00:00:00,46,,65,Organised,57,54,40,Organised,37,53,45,Cover
44,1861,9865,2014-09-19 00:00:00,46,41.0,65,Organised,57,54,40,Organised,37,53,45,Cover
45,1861,9865,2015-09-10 00:00:00,46,41.0,65,Organised,57,54,40,Organised,37,53,45,Cover
46,229,8635,2010-02-22 00:00:00,50,,35,Organised,70,50,60,Organised,70,50,70,Cover
47,229,8635,2011-02-22 00:00:00,50,,52,Free Form,70,50,60,Organised,70,50,70,Offside Trap
48,229,8635,2012-02-22 00:00:00,52,,41,Organised,53,57,47,Organised,45,43,52,Cover
49,229,8635,2013-09-20 00:00:00,52,,41,Organised,68,67,47,Organised,60,43,65,Cover
50,229,8635,2014-09-19 00:00:00,52,46.0,51,Organised,60,53,47,Organised,60,50,65,Cover
51,229,8635,2015-09-10 00:00:00,52,46.0,51,Organised,60,53,47,Organised,53,50,61,Cover
52,1530,8121,2010-02-22 00:00:00,45,,35,Organised,35,50,60,Organised,30,55,30,Offside Trap
53,1530,8121,2011-02-22 00:00:00,65,,50,Organised,50,65,65,Organised,45,45,50,Cover
54,1530,8121,2012-02-22 00:00:00,50,,50,Organised,52,52,48,Organised,44,44,51,Cover
55,1530,8121,2013-09-20 00:00:00,50,,50,Organised,52,52,48,Organised,44,44,51,Cover
56,1530,8121,2014-09-19 00:00:00,48,61.0,50,Organised,40,52,48,Organised,44,44,51,Cover
57,1530,8121,2015-09-10 00:00:00,48,61.0,50,Organised,40,52,48,Organised,44,44,51,Cover
58,111082,8322,2010-02-22 00:00:00,30,,45,Organised,45,35,70,Organised,65,70,70,Cover
59,111082,8322,2011-02-22 00:00:00,46,,37,Organised,33,62,52,Organised,47,48,45,Cover
60,111989,108893,2010-02-22 00:00:00,50,,65,Organised,30,35,30,Organised,30,50,35,Cover
61,111989,108893,2011-02-22 00:00:00,50,,65,Organised,35,35,35,Organised,25,45,35,Cover
62,111989,108893,2012-02-22 00:00:00,23,,33,Organised,49,40,43,Organised,44,32,36,Cover
63,111989,108893,2013-09-20 00:00:00,41,,48,Organised,58,40,43,Organised,39,43,58,Cover
64,111989,108893,2014-09-19 00:00:00,39,48.0,54,Organised,49,40,43,Organised,44,53,57,Cover
65,111989,108893,2015-09-10 00:00:00,56,46.0,54,Organised,55,40,43,Organised,48,53,57,Cover
66,159,9912,2010-02-22 00:00:00,40,,65,Organised,45,70,50,Organised,45,40,50,Cover
67,159,9912,2011-02-22 00:00:00,46,,58,Organised,45,33,42,Organised,38,48,50,Cover
68,159,9912,2014-09-19 00:00:00,62,49.0,55,Organised,56,51,52,Organised,36,54,48,Cover
69,112513,158085,2014-09-19 00:00:00,69,66.0,39,Organised,55,59,46,Organised,35,37,37,Cover
70,112513,158085,2015-09-10 00:00:00,65,66.0,39,Organised,55,59,46,Organised,37,39,37,Cover
71,1,9825,2010-02-22 00:00:00,66,,30,Free Form,30,45,35,Free Form,30,40,50,Cover
72,1,9825,2011-02-22 00:00:00,75,,40,Free Form,40,45,65,Free Form,50,40,45,Cover
73,1,9825,2012-02-22 00:00:00,25,,32,Organised,41,34,30,Free Form,57,57,52,Cover
74,1,9825,2013-09-20 00:00:00,30,,29,Organised,41,55,39,Free Form,64,54,52,Cover
75,1,9825,2014-09-19 00:00:00,59,51.0,26,Organised,28,55,64,Free Form,51,44,52,Cover
76,1,9825,2015-09-10 00:00:00,59,51.0,30,Organised,28,44,46,Free Form,51,44,52,Cover
77,2,10252,2010-02-22 00:00:00,70,,59,Organised,65,70,50,Free Form,30,70,30,Cover
78,2,10252,2011-02-22 00:00:00,65,,50,Organised,45,55,50,Organised,35,45,65,Cover
79,2,10252,2012-02-22 00:00:00,67,,58,Organised,44,60,56,Organised,43,50,52,Cover
80,2,10252,2013-09-20 00:00:00,63,,59,Organised,52,55,34,Organised,39,41,54,Cover
81,2,10252,2014-09-19 00:00:00,66,32.0,72,Organised,63,48,56,Organised,39,42,52,Cover
82,2,10252,2015-09-10 00:00:00,63,37.0,54,Organised,60,48,38,Organised,35,44,54,Cover
83,39,8524,2010-02-22 00:00:00,35,,40,Organised,35,30,55,Organised,30,30,55,Offside Trap
84,39,8524,2011-02-22 00:00:00,65,,50,Organised,50,65,55,Organised,45,55,65,Cover
85,39,8524,2012-02-22 00:00:00,40,,50,Organised,53,47,50,Organised,55,42,50,Cover
86,39,8524,2013-09-20 00:00:00,64,,36,Organised,38,49,51,Free Form,54,53,49,Cover
87,39,8524,2014-09-19 00:00:00,64,45.0,37,Organised,38,49,51,Organised,36,66,49,Cover
88,39,8524,2015-09-10 00:00:00,64,45.0,37,Organised,38,49,51,Organised,36,63,49,Cover
89,448,8315,2010-02-22 00:00:00,60,,45,Organised,35,70,55,Organised,30,70,35,Cover
90,448,8315,2011-02-22 00:00:00,70,,69,Organised,55,72,57,Organised,48,67,55,Cover
91,448,8315,2012-02-22 00:00:00,42,,59,Organised,36,78,59,Organised,37,60,68,Cover
92,448,8315,2013-09-20 00:00:00,46,,38,Organised,52,73,37,Free Form,37,60,68,Cover
93,448,8315,2014-09-19 00:00:00,46,41.0,38,Organised,52,68,37,Organised,37,60,65,Cover
94,448,8315,2015-09-10 00:00:00,46,46.0,39,Organised,50,60,36,Free Form,49,57,50,Cover
95,240,9906,2010-02-22 00:00:00,64,,30,Free Form,65,50,70,Free Form,70,34,55,Offside Trap
96,240,9906,2011-02-22 00:00:00,57,,54,Organised,58,69,79,Organised,58,48,54,Cover
97,240,9906,2012-02-22 00:00:00,47,,51,Organised,67,63,54,Organised,52,37,55,Cover
98,240,9906,2013-09-20 00:00:00,47,,51,Organised,70,65,54,Organised,52,37,55,Cover
99,240,9906,2014-09-19 00:00:00,47,52.0,51,Organised,67,67,54,Organised,52,37,55,Cover
100,240,9906,2015-09-10 00:00:00,57,50.0,50,Organised,61,62,49,Organised,49,42,52,Cover
101,100409,8406,2010-02-22 00:00:00,45,,45,Organised,35,70,70,Organised,45,55,45,Cover
102,100409,8406,2011-02-22 00:00:00,68,,40,Organised,52,64,72,Organised,59,49,42,Cover
103,100409,8406,2012-02-22 00:00:00,55,,55,Organised,49,57,55,Organised,47,58,56,Cover
104,100409,8406,2013-09-20 00:00:00,40,,55,Organised,49,72,53,Organised,33,43,52,Cover
105,100409,8406,2014-09-19 00:00:00,62,38.0,69,Organised,41,63,56,Organised,47,55,52,Cover
106,100409,8406,2015-09-10 00:00:00,59,51.0,55,Organised,49,62,55,Organised,34,50,59,Cover
107,57,8583,2010-02-22 00:00:00,30,,70,Organised,35,65,35,Organised,30,55,30,Cover
108,57,8583,2011-02-22 00:00:00,35,,65,Organised,35,65,50,Organised,35,45,65,Cover
109,57,8583,2012-02-22 00:00:00,64,,49,Organised,51,63,50,Organised,34,45,36,Cover
110,57,8583,2013-09-20 00:00:00,64,,49,Organised,51,63,50,Organised,34,45,41,Cover
111,57,8583,2014-09-19 00:00:00,64,55.0,49,Organised,51,63,50,Organised,34,45,36,Cover
112,57,8583,2015-09-10 00:00:00,64,55.0,49,Organised,51,63,50,Organised,34,45,40,Cover
113,1906,10229,2010-02-22 00:00:00,55,,45,Organised,40,30,60,Organised,30,30,50,Cover
114,1906,10229,2011-02-22 00:00:00,45,,31,Organised,45,74,66,Organised,60,50,65,Cover
115,1906,10229,2012-02-22 00:00:00,46,,36,Organised,47,48,52,Organised,60,65,59,Cover
116,1906,10229,2013-09-20 00:00:00,62,,40,Organised,67,48,52,Organised,50,65,59,Cover
117,1906,10229,2014-09-19 00:00:00,52,38.0,46,Organised,60,56,52,Free Form,50,61,55,Cover
118,1906,10229,2015-09-10 00:00:00,50,46.0,58,Organised,67,56,50,Organised,50,61,55,Cover
119,241,8634,2010-02-22 00:00:00,42,,30,Free Form,65,40,70,Free Form,70,30,70,Offside Trap
120,241,8634,2011-02-22 00:00:00,43,,34,Free Form,59,25,68,Free Form,67,43,68,Cover
121,241,8634,2012-02-22 00:00:00,24,,25,Free Form,37,24,54,Free Form,66,63,66,Cover
122,241,8634,2013-09-20 00:00:00,35,,32,Free Form,37,31,35,Free Form,61,63,65,Cover
123,241,8634,2014-09-19 00:00:00,35,35.0,32,Free Form,37,31,35,Free Form,61,63,65,Cover
124,241,8634,2015-09-10 00:00:00,36,35.0,51,Free Form,36,49,56,Free Form,61,65,65,Cover
125,1848,9976,2010-02-22 00:00:00,30,,30,Free Form,30,40,65,Organised,40,30,45,Offside Trap
126,1848,9976,2011-02-22 00:00:00,65,,35,Free Form,65,63,65,Organised,55,45,60,Offside Trap
127,1848,9976,2012-02-22 00:00:00,50,,50,Organised,50,35,50,Organised,45,45,50,Cover
128,1848,9976,2013-09-20 00:00:00,55,,57,Organised,54,44,60,Organised,49,51,61,Cover
129,1848,9976,2014-09-19 00:00:00,55,40.0,57,Organised,54,44,56,Organised,49,51,53,Cover
130,1848,9976,2015-09-10 00:00:00,52,40.0,65,Organised,40,55,48,Organised,50,51,55,Cover
131,896,9931,2010-02-22 00:00:00,40,,45,Organised,50,65,50,Organised,60,60,60,Cover
132,896,9931,2011-02-22 00:00:00,46,,40,Organised,51,54,49,Organised,38,53,55,Cover
133,896,9931,2012-02-22 00:00:00,61,,46,Organised,66,66,54,Organised,47,58,53,Cover
134,896,9931,2013-09-20 00:00:00,61,,46,Organised,66,66,54,Organised,47,58,53,Cover
135,896,9931,2014-09-19 00:00:00,61,63.0,46,Organised,66,66,54,Organised,47,58,53,Cover
136,896,9931,2015-09-10 00:00:00,61,63.0,46,Organised,66,66,54,Organised,47,58,53,Cover
137,32,8178,2010-02-22 00:00:00,70,,30,Organised,70,70,70,Organised,70,60,70,Cover
138,32,8178,2011-02-22 00:00:00,67,,38,Organised,51,47,55,Organised,57,39,51,Cover
139,32,8178,2012-02-22 00:00:00,58,,55,Organised,52,55,56,Organised,50,42,47,Cover
140,32,8178,2013-09-20 00:00:00,64,,55,Organised,52,54,37,Organised,58,38,47,Cover
141,32,8178,2014-09-19 00:00:00,69,30.0,55,Organised,52,55,39,Organised,50,46,54,Cover
142,32,8178,2015-09-10 00:00:00,73,29.0,55,Organised,77,54,61,Organised,61,72,50,Cover
143,21,9823,2010-02-22 00:00:00,65,,40,Free Form,65,70,70,Free Form,70,40,65,Cover
144,21,9823,2011-02-22 00:00:00,42,,40,Organised,34,30,72,Free Form,39,52,65,Cover
145,21,9823,2012-02-22 00:00:00,47,,40,Organised,34,31,55,Organised,49,35,50,Cover
146,21,9823,2013-09-20 00:00:00,56,,41,Organised,40,44,39,Organised,52,54,52,Cover
147,21,9823,2014-09-19 00:00:00,37,34.0,22,Free Form,21,38,40,Free Form,61,59,40,Cover
148,21,9823,2015-09-10 00:00:00,45,24.0,28,Free Form,37,31,22,Free Form,72,53,59,Cover
149,675,9993,2010-02-22 00:00:00,35,,35,Organised,45,40,50,Organised,70,70,70,Cover
150,675,9993,2011-02-22 00:00:00,47,,37,Organised,54,64,67,Organised,33,34,48,Offside Trap
151,675,9993,2012-02-22 00:00:00,55,,55,Organised,47,46,49,Organised,45,46,50,Cover
152,675,9993,2013-09-20 00:00:00,47,,39,Organised,38,64,49,Organised,45,46,67,Cover
153,1897,10211,2011-02-22 00:00:00,48,,46,Free Form,50,50,57,Organised,47,55,53,Cover
154,1897,10211,2012-02-22 00:00:00,39,,48,Organised,53,53,59,Organised,37,52,61,Cover
155,1897,10211,2013-09-20 00:00:00,39,,48,Organised,53,53,59,Organised,37,52,61,Cover
156,1889,9807,2010-02-22 00:00:00,30,,30,Organised,55,45,60,Organised,30,30,30,Offside Trap
157,1889,9807,2014-09-19 00:00:00,52,53.0,52,Organised,40,37,48,Organised,38,48,49,Cover
158,1889,9807,2015-09-10 00:00:00,51,53.0,52,Organised,43,37,48,Organised,38,48,49,Cover
159,1714,6493,2010-02-22 00:00:00,40,,50,Organised,55,65,55,Organised,45,50,55,Cover
160,1714,6493,2011-02-22 00:00:00,47,,54,Organised,55,38,55,Organised,32,50,56,Cover
161,234,9772,2010-02-22 00:00:00,30,,30,Free Form,50,55,65,Free Form,30,30,30,Offside Trap
162,234,9772,2011-02-22 00:00:00,65,,35,Free Form,65,55,51,Organised,55,56,60,Cover
163,234,9772,2012-02-22 00:00:00,55,,48,Organised,69,56,54,Organised,61,51,57,Cover
164,234,9772,2013-09-20 00:00:00,65,,54,Organised,69,56,54,Organised,60,58,57,Cover
165,234,9772,2014-09-19 00:00:00,70,55.0,53,Organised,65,66,54,Organised,60,57,54,Cover
166,234,9772,2015-09-10 00:00:00,69,55.0,53,Organised,65,66,54,Organised,60,57,54,Cover
167,88,8658,2010-02-22 00:00:00,70,,70,Organised,70,70,70,Organised,70,70,70,Cover
168,88,8658,2011-02-22 00:00:00,45,,60,Organised,35,50,40,Organised,30,60,45,Cover
169,88,8658,2012-02-22 00:00:00,51,,55,Organised,41,62,56,Organised,42,48,54,Cover
170,88,8658,2013-09-20 00:00:00,56,,57,Organised,45,71,41,Organised,42,44,54,Cover
171,88,8658,2014-09-19 00:00:00,56,39.0,79,Organised,77,71,56,Organised,42,48,54,Cover
172,88,8658,2015-09-10 00:00:00,56,32.0,75,Organised,77,62,64,Organised,42,47,54,Cover
173,3,8655,2010-02-22 00:00:00,55,,70,Organised,60,70,55,Organised,45,70,45,Cover
174,3,8655,2011-02-22 00:00:00,55,,65,Organised,50,50,35,Organised,45,60,55,Cover
175,3,8655,2012-02-22 00:00:00,57,,57,Organised,55,45,40,Organised,42,50,38,Cover
176,3,8655,2013-09-20 00:00:00,44,,64,Organised,55,52,40,Organised,42,50,38,Cover
177,3,8655,2014-09-19 00:00:00,44,31.0,62,Organised,63,61,40,Organised,50,50,47,Cover
178,3,8655,2015-09-10 00:00:00,60,60.0,65,Organised,59,58,42,Organised,50,50,57,Cover
179,1926,8483,2010-02-22 00:00:00,70,,70,Organised,70,70,65,Organised,70,70,70,Cover
180,1926,8483,2011-02-22 00:00:00,70,,30,Organised,65,30,65,Organised,45,50,45,Cover
181,1926,8483,2012-02-22 00:00:00,45,,52,Organised,60,58,58,Organised,49,52,54,Cover
182,1926,8483,2013-09-20 00:00:00,45,,52,Organised,60,58,58,Organised,49,52,54,Cover
183,1926,8483,2014-09-19 00:00:00,67,44.0,72,Organised,70,48,58,Organised,39,38,54,Cover
184,1926,8483,2015-09-10 00:00:00,62,36.0,64,Organised,59,43,64,Organised,39,38,54,Cover
185,1898,8613,2015-09-10 00:00:00,47,56.0,50,Organised,37,38,53,Organised,32,62,54,Cover
186,160,9911,2010-02-22 00:00:00,50,,65,Organised,55,45,50,Organised,40,60,40,Cover
187,160,9911,2011-02-22 00:00:00,55,,56,Organised,55,49,52,Organised,48,60,56,Cover
188,160,9911,2012-02-22 00:00:00,40,,48,Organised,51,54,37,Organised,34,53,49,Cover
189,160,9911,2013-09-20 00:00:00,40,,48,Organised,51,54,37,Organised,40,53,41,Cover
190,160,9911,2014-09-19 00:00:00,38,54.0,48,Organised,51,54,36,Organised,34,53,49,Cover
191,160,9911,2015-09-10 00:00:00,69,38.0,57,Organised,66,40,66,Organised,58,47,67,Cover
192,189,9857,2010-02-22 00:00:00,65,,55,Organised,30,70,65,Organised,55,30,50,Offside Trap
193,189,9857,2011-02-22 00:00:00,65,,35,Organised,35,35,50,Organised,30,50,50,Cover
194,189,9857,2012-02-22 00:00:00,40,,50,Organised,35,35,50,Organised,35,45,50,Cover
195,189,9857,2013-09-20 00:00:00,63,,48,Organised,49,63,63,Free Form,43,43,48,Cover
196,189,9857,2014-09-19 00:00:00,63,53.0,48,Organised,32,48,52,Organised,28,54,48,Cover
197,189,9857,2015-09-10 00:00:00,63,53.0,48,Organised,32,48,52,Organised,30,54,48,Cover
198,4,8559,2010-02-22 00:00:00,55,,70,Organised,70,70,45,Organised,35,70,35,Cover
199,4,8559,2011-02-22 00:00:00,45,,70,Organised,55,70,50,Organised,40,55,50,Cover
200,4,8559,2012-02-22 00:00:00,57,,56,Organised,45,54,54,Organised,48,48,58,Cover
201,4,8559,2013-09-20 00:00:00,57,,53,Organised,42,38,54,Organised,39,48,58,Cover
202,4,8559,2014-09-19 00:00:00,57,37.0,73,Organised,72,43,56,Organised,39,48,58,Cover
203,4,8559,2015-09-10 00:00:00,57,34.0,61,Organised,72,60,38,Organised,39,48,58,Cover
204,59,9827,2010-02-22 00:00:00,70,,35,Organised,70,50,70,Organised,55,70,70,Offside Trap
205,59,9827,2011-02-22 00:00:00,50,,35,Organised,50,65,65,Organised,55,45,65,Cover
206,59,9827,2012-02-22 00:00:00,49,,37,Organised,49,64,51,Organised,44,46,49,Cover
207,59,9827,2013-09-20 00:00:00,49,,37,Organised,49,64,51,Organised,44,46,49,Cover
208,59,9827,2014-09-19 00:00:00,38,49.0,36,Organised,49,55,51,Organised,37,33,49,Cover
209,59,9827,2015-09-10 00:00:00,51,40.0,48,Organised,49,63,44,Organised,57,52,49,Cover
210,22,9789,2010-02-22 00:00:00,70,,45,Organised,70,34,66,Free Form,54,70,53,Offside Trap
211,22,9789,2011-02-22 00:00:00,73,,43,Organised,60,53,64,Organised,59,67,46,Cover
212,22,9789,2012-02-22 00:00:00,71,,45,Organised,67,44,70,Free Form,58,69,46,Cover
213,22,9789,2013-09-20 00:00:00,74,,45,Organised,70,48,76,Organised,60,70,48,Cover
214,22,9789,2014-09-19 00:00:00,76,33.0,61,Organised,53,44,73,Free Form,60,68,43,Cover
215,22,9789,2015-09-10 00:00:00,71,37.0,40,Organised,70,44,49,Free Form,65,71,40,Cover
216,23,9788,2010-02-22 00:00:00,65,,45,Organised,50,70,65,Organised,55,40,65,Cover
217,23,9788,2011-02-22 00:00:00,63,,46,Organised,60,51,61,Organised,49,58,49,Cover
218,23,9788,2012-02-22 00:00:00,57,,64,Organised,54,48,55,Organised,33,43,38,Cover
219,23,9788,2013-09-20 00:00:00,76,,40,Organised,66,48,30,Free Form,33,53,41,Cover
220,23,9788,2014-09-19 00:00:00,31,53.0,32,Organised,38,26,49,Free Form,43,50,41,Cover
221,23,9788,2015-09-10 00:00:00,31,53.0,32,Organised,38,26,49,Free Form,41,48,39,Cover
222,111376,4170,2010-02-22 00:00:00,45,,30,Organised,35,55,60,Organised,70,60,70,Offside Trap
223,111376,4170,2011-02-22 00:00:00,50,,35,Organised,35,65,65,Organised,35,55,65,Cover
224,111376,4170,2012-02-22 00:00:00,49,,37,Organised,47,57,50,Organised,45,44,66,Cover
225,1943,8678,2010-02-22 00:00:00,70,,70,Organised,70,70,60,Organised,70,70,70,Cover
226,1943,8678,2011-02-22 00:00:00,51,,66,Organised,68,33,47,Organised,27,46,48,Cover
227,1943,8678,2012-02-22 00:00:00,46,,46,Organised,54,60,52,Organised,48,50,62,Cover
228,1943,8678,2013-09-20 00:00:00,39,,38,Organised,54,43,52,Organised,48,50,62,Cover
229,1943,8678,2014-09-19 00:00:00,47,44.0,48,Organised,46,48,41,Organised,48,50,62,Cover
230,1943,8678,2015-09-10 00:00:00,47,36.0,47,Organised,49,45,47,Organised,48,50,62,Cover
231,1896,10264,2010-02-22 00:00:00,30,,30,Organised,55,50,60,Organised,30,30,30,Cover
232,1896,10264,2011-02-22 00:00:00,30,,30,Organised,55,50,60,Organised,40,60,50,Cover
233,1896,10264,2012-02-22 00:00:00,53,,46,Organised,53,53,52,Organised,23,48,39,Cover
234,1896,10264,2013-09-20 00:00:00,66,,54,Organised,53,53,52,Organised,25,56,39,Cover
235,1896,10264,2014-09-19 00:00:00,53,35.0,55,Organised,53,65,39,Organised,25,56,39,Cover
236,1896,10264,2015-09-10 00:00:00,55,35.0,55,Organised,62,65,39,Organised,25,56,39,Cover
237,190,9858,2010-02-22 00:00:00,30,,30,Organised,35,50,70,Free Form,45,30,55,Offside Trap
238,190,9858,2011-02-22 00:00:00,30,,50,Organised,50,65,65,Organised,45,45,55,Cover
239,190,9858,2012-02-22 00:00:00,35,,35,Organised,35,20,65,Organised,35,45,50,Cover
240,190,9858,2013-09-20 00:00:00,42,,43,Organised,45,25,75,Free Form,41,52,62,Cover
241,190,9858,2014-09-19 00:00:00,42,56.0,27,Organised,54,25,75,Organised,41,52,57,Cover
242,190,9858,2015-09-10 00:00:00,42,56.0,43,Organised,41,48,69,Organised,41,52,57,Cover
243,378,8521,2010-02-22 00:00:00,50,,40,Organised,30,40,60,Organised,70,70,70,Cover
244,378,8521,2011-02-22 00:00:00,65,,35,Organised,50,65,50,Organised,55,45,65,Cover
245,378,8521,2012-02-22 00:00:00,64,,62,Organised,49,53,66,Organised,44,34,51,Cover
246,378,8521,2013-09-20 00:00:00,59,,54,Organised,49,53,66,Organised,44,34,51,Cover
247,378,8521,2014-09-19 00:00:00,59,48.0,54,Organised,49,53,66,Organised,44,34,51,Cover
248,378,8521,2015-09-10 00:00:00,59,48.0,54,Organised,49,53,66,Organised,44,34,51,Cover
249,1796,8191,2010-02-22 00:00:00,70,,65,Organised,70,70,70,Organised,65,70,70,Cover
250,1796,8191,2011-02-22 00:00:00,36,,52,Organised,49,68,55,Organised,24,56,66,Cover
251,1796,8191,2012-02-22 00:00:00,48,,44,Organised,56,58,48,Organised,52,50,58,Cover
252,1796,8191,2013-09-20 00:00:00,54,,55,Organised,56,59,48,Organised,48,50,58,Cover
253,1796,8191,2014-09-19 00:00:00,48,32.0,74,Organised,72,59,58,Organised,54,57,58,Cover
254,1796,8191,2015-09-10 00:00:00,54,32.0,67,Organised,72,57,47,Organised,63,62,58,Cover
255,210,7819,2010-02-22 00:00:00,65,,30,Organised,50,65,40,Organised,70,65,70,Cover
256,210,7819,2011-02-22 00:00:00,65,,35,Organised,35,65,65,Organised,55,45,65,Cover
257,210,7819,2012-02-22 00:00:00,48,,52,Organised,48,54,53,Organised,47,45,51,Cover
258,210,7819,2013-09-20 00:00:00,48,,52,Organised,48,54,53,Organised,47,45,51,Cover
259,210,7819,2014-09-19 00:00:00,62,50.0,45,Organised,48,54,53,Organised,43,42,51,Cover
260,210,7819,2015-09-10 00:00:00,62,50.0,45,Organised,48,54,53,Organised,43,42,51,Cover
261,1842,8529,2010-02-22 00:00:00,40,,30,Organised,30,35,55,Organised,40,55,60,Cover
262,1842,8529,2011-02-22 00:00:00,65,,50,Organised,50,65,50,Free Form,45,45,51,Cover
263,1842,8529,2012-02-22 00:00:00,40,,50,Organised,65,50,50,Organised,45,45,50,Cover
264,1842,8529,2013-09-20 00:00:00,63,,36,Organised,66,51,51,Free Form,46,56,51,Cover
265,1842,8529,2014-09-19 00:00:00,63,51.0,53,Organised,33,51,68,Organised,37,56,51,Cover
266,1842,8529,2015-09-10 00:00:00,67,32.0,35,Organised,69,58,69,Free Form,65,65,57,Offside Trap
267,647,7788,2014-09-19 00:00:00,45,39.0,42,Organised,46,56,57,Organised,42,49,47,Cover
268,647,7788,2015-09-10 00:00:00,43,36.0,57,Organised,46,50,38,Organised,42,49,47,Cover
269,1961,8344,2010-02-22 00:00:00,65,,70,Organised,70,70,70,Organised,70,70,70,Cover
270,1961,8344,2011-02-22 00:00:00,67,,49,Organised,67,67,48,Organised,46,47,53,Cover
271,1961,8344,2012-02-22 00:00:00,60,,64,Organised,54,46,54,Organised,47,43,56,Cover
272,1961,8344,2013-09-20 00:00:00,60,,69,Organised,54,59,62,Organised,47,43,56,Cover
273,1961,8344,2014-09-19 00:00:00,60,29.0,54,Organised,52,46,41,Organised,33,41,39,Cover
274,1961,8344,2015-09-10 00:00:00,60,41.0,67,Organised,52,56,46,Organised,33,41,39,Cover
275,112409,208931,2014-09-19 00:00:00,32,46.0,31,Organised,47,36,54,Organised,46,44,51,Cover
276,112409,208931,2015-09-10 00:00:00,80,45.0,65,Organised,70,40,50,Organised,25,55,35,Cover
277,110364,8530,2010-02-22 00:00:00,35,,30,Organised,30,30,60,Organised,35,55,50,Cover
278,110364,8530,2011-02-22 00:00:00,65,,35,Free Form,50,65,63,Organised,35,55,50,Offside Trap
279,110364,8530,2012-02-22 00:00:00,40,,50,Organised,50,50,50,Organised,25,50,35,Cover
280,110364,8530,2013-09-20 00:00:00,67,,37,Free Form,67,52,52,Organised,37,57,52,Cover
281,110364,8530,2014-09-19 00:00:00,75,52.0,48,Organised,53,52,36,Organised,28,67,52,Cover
282,110364,8530,2015-09-10 00:00:00,70,52.0,48,Organised,53,52,36,Organised,31,64,52,Cover
283,450,9910,2010-02-22 00:00:00,35,,30,Organised,45,45,70,Organised,35,30,50,Offside Trap
284,450,9910,2011-02-22 00:00:00,43,,44,Organised,53,45,60,Organised,40,41,47,Cover
285,450,9910,2012-02-22 00:00:00,53,,62,Organised,59,68,52,Organised,42,52,68,Cover
286,450,9910,2013-09-20 00:00:00,53,,62,Organised,59,68,52,Free Form,42,52,68,Cover
287,450,9910,2014-09-19 00:00:00,53,54.0,62,Organised,59,68,52,Organised,42,52,65,Cover
288,450,9910,2015-09-10 00:00:00,55,59.0,38,Organised,41,48,50,Free Form,55,55,59,Cover
289,78,9925,2010-02-22 00:00:00,70,,70,Organised,65,70,70,Organised,60,70,70,Cover
290,78,9925,2011-02-22 00:00:00,54,,52,Organised,52,67,51,Organised,46,46,67,Cover
291,78,9925,2012-02-22 00:00:00,70,,58,Organised,54,58,60,Organised,50,50,60,Cover
292,78,9925,2013-09-20 00:00:00,50,,53,Organised,57,58,60,Free Form,55,51,60,Cover
293,78,9925,2014-09-19 00:00:00,70,52.0,58,Organised,55,61,62,Organised,51,54,60,Cover
294,78,9925,2015-09-10 00:00:00,54,49.0,53,Organised,51,51,62,Organised,58,55,56,Cover
295,1750,9984,2010-02-22 00:00:00,45,,35,Organised,70,45,55,Organised,65,60,70,Cover
296,1750,9984,2011-02-22 00:00:00,50,,50,Free Form,70,65,65,Organised,60,50,70,Cover
297,1750,9984,2012-02-22 00:00:00,68,,54,Organised,55,68,42,Organised,59,47,62,Cover
298,1750,9984,2013-09-20 00:00:00,53,,40,Organised,55,68,42,Free Form,59,47,62,Cover
299,1750,9984,2014-09-19 00:00:00,53,49.0,43,Organised,52,58,42,Organised,59,47,62,Cover
300,1750,9984,2015-09-10 00:00:00,53,49.0,43,Organised,52,58,42,Organised,59,47,62,Cover
301,110915,9880,2010-02-22 00:00:00,30,,30,Organised,35,45,65,Organised,50,30,50,Cover
302,110915,9880,2011-02-22 00:00:00,50,,50,Organised,35,35,50,Organised,35,55,50,Cover
303,110915,9880,2012-02-22 00:00:00,60,,40,Organised,50,35,65,Organised,35,45,50,Cover
304,110915,9880,2013-09-20 00:00:00,73,,44,Organised,53,44,73,Organised,39,49,57,Cover
305,110915,9880,2014-09-19 00:00:00,73,29.0,41,Organised,53,44,73,Organised,39,49,57,Cover
306,110915,9880,2015-09-10 00:00:00,66,31.0,41,Organised,53,44,66,Organised,39,49,57,Cover
307,5,8455,2010-02-22 00:00:00,70,,60,Free Form,56,70,70,Free Form,30,60,35,Cover
308,5,8455,2011-02-22 00:00:00,60,,50,Free Form,60,60,80,Free Form,35,55,50,Cover
309,5,8455,2012-02-22 00:00:00,60,,45,Organised,55,45,45,Organised,60,62,46,Cover
310,5,8455,2013-09-20 00:00:00,46,,41,Organised,46,61,63,Organised,42,43,46,Cover
311,5,8455,2014-09-19 00:00:00,67,52.0,38,Organised,41,61,68,Organised,39,41,46,Cover
312,5,8455,2015-09-10 00:00:00,67,41.0,36,Organised,41,34,44,Organised,39,41,46,Cover
313,192,8533,2010-02-22 00:00:00,45,,30,Organised,35,45,65,Organised,30,70,65,Offside Trap
314,192,8533,2011-02-22 00:00:00,45,,50,Organised,49,45,35,Organised,36,70,51,Cover
315,192,8533,2012-02-22 00:00:00,60,,65,Organised,50,50,65,Organised,25,45,50,Cover
316,192,8533,2013-09-20 00:00:00,66,,67,Organised,52,51,66,Free Form,26,59,51,Cover
317,192,8533,2014-09-19 00:00:00,66,54.0,67,Organised,52,66,52,Organised,46,59,51,Cover
318,192,8533,2015-09-10 00:00:00,66,54.0,67,Organised,52,66,52,Organised,46,59,51,Cover
319,231,8342,2010-02-22 00:00:00,35,,40,Organised,45,50,45,Organised,60,70,70,Cover
320,231,8342,2011-02-22 00:00:00,67,,47,Free Form,68,49,53,Free Form,57,44,47,Cover
321,231,8342,2012-02-22 00:00:00,64,,54,Organised,48,61,47,Organised,60,50,52,Cover
322,231,8342,2013-09-20 00:00:00,45,,48,Organised,48,61,47,Organised,43,59,45,Cover
323,231,8342,2014-09-19 00:00:00,42,52.0,45,Organised,42,57,47,Organised,51,50,57,Cover
324,231,8342,2015-09-10 00:00:00,42,52.0,45,Organised,42,57,47,Organised,51,50,57,Cover
325,1867,7869,2010-02-22 00:00:00,30,,30,Organised,35,45,60,Organised,35,30,40,Cover
326,1867,7869,2011-02-22 00:00:00,39,,41,Organised,40,42,46,Organised,40,38,44,Cover
327,1867,7869,2012-02-22 00:00:00,40,,53,Organised,40,71,48,Organised,36,41,52,Cover
328,1867,7869,2013-09-20 00:00:00,40,,53,Organised,40,71,48,Organised,36,41,52,Cover
329,1867,7869,2014-09-19 00:00:00,40,53.0,53,Organised,40,66,48,Organised,36,41,52,Cover
330,1867,7869,2015-09-10 00:00:00,53,40.0,48,Organised,55,59,57,Organised,38,39,52,Cover
331,110747,2186,2010-02-22 00:00:00,30,,45,Organised,40,35,65,Organised,70,70,65,Cover
332,110747,2186,2011-02-22 00:00:00,46,,51,Organised,48,48,52,Organised,48,33,63,Cover
333,110747,2186,2012-02-22 00:00:00,57,,59,Organised,57,33,78,Organised,59,51,53,Cover
334,110747,2186,2014-09-19 00:00:00,37,50.0,38,Organised,66,66,33,Organised,59,34,64,Cover
335,110747,2186,2015-09-10 00:00:00,37,50.0,38,Organised,66,66,33,Organised,59,34,64,Cover
336,1799,9826,2010-02-22 00:00:00,70,,70,Organised,70,70,65,Organised,65,60,60,Cover
337,1799,9826,2011-02-22 00:00:00,53,,54,Organised,69,48,52,Organised,48,43,33,Cover
338,1799,9826,2012-02-22 00:00:00,43,,46,Organised,69,66,47,Organised,44,27,53,Cover
339,1799,9826,2013-09-20 00:00:00,52,,47,Organised,69,66,47,Organised,36,33,53,Cover
340,1799,9826,2014-09-19 00:00:00,61,36.0,68,Organised,67,62,52,Organised,36,34,48,Cover
341,1799,9826,2015-09-10 00:00:00,61,45.0,67,Organised,67,69,50,Organised,36,34,41,Cover
342,110502,8262,2015-09-10 00:00:00,59,43.0,77,Organised,52,77,45,Organised,32,56,41,Cover
343,635,8526,2011-02-22 00:00:00,30,,40,Organised,43,45,65,Organised,42,45,50,Cover
344,635,8526,2012-02-22 00:00:00,37,,41,Organised,47,40,63,Organised,52,43,41,Cover
345,242,9783,2010-02-22 00:00:00,30,,30,Organised,30,45,65,Organised,35,35,45,Offside Trap
346,242,9783,2011-02-22 00:00:00,56,,42,Organised,57,69,61,Organised,38,44,69,Cover
347,242,9783,2012-02-22 00:00:00,56,,46,Organised,38,52,68,Organised,45,50,59,Cover
348,242,9783,2013-09-20 00:00:00,56,,46,Organised,38,52,68,Organised,45,50,59,Cover
349,242,9783,2014-09-19 00:00:00,56,55.0,46,Organised,38,52,68,Organised,45,50,59,Cover
350,242,9783,2015-09-10 00:00:00,53,55.0,47,Organised,38,52,55,Organised,45,50,59,Offside Trap
351,110569,9836,2010-02-22 00:00:00,55,,40,Organised,40,40,55,Organised,30,60,30,Offside Trap
352,110569,9836,2011-02-22 00:00:00,65,,50,Organised,50,65,50,Organised,35,45,50,Cover
353,110569,9836,2012-02-22 00:00:00,51,,49,Organised,49,52,52,Organised,45,46,58,Cover
354,110569,9836,2013-09-20 00:00:00,51,,49,Organised,49,52,52,Organised,45,46,58,Cover
355,110569,9836,2014-09-19 00:00:00,51,54.0,49,Organised,49,52,52,Organised,45,46,58,Cover
356,110569,9836,2015-09-10 00:00:00,51,54.0,49,Organised,49,52,52,Organised,45,46,58,Cover
357,180,8284,2013-09-20 00:00:00,50,,49,Organised,38,60,53,Organised,48,47,59,Cover
358,180,8284,2015-09-10 00:00:00,47,47.0,48,Organised,32,61,65,Organised,50,44,52,Cover
359,181,9938,2010-02-22 00:00:00,70,,70,Organised,65,70,70,Organised,60,70,70,Cover
360,181,9938,2011-02-22 00:00:00,68,,53,Organised,67,53,67,Organised,57,57,63,Cover
361,181,9938,2012-02-22 00:00:00,60,,60,Organised,50,50,35,Organised,40,38,52,Cover
362,181,9938,2013-09-20 00:00:00,53,,52,Organised,55,53,42,Organised,41,41,52,Cover
363,181,9938,2014-09-19 00:00:00,60,51.0,60,Organised,52,55,38,Organised,41,40,52,Cover
364,181,9938,2015-09-10 00:00:00,60,58.0,53,Organised,55,49,45,Organised,48,42,53,Cover
365,182,8457,2012-02-22 00:00:00,55,,60,Organised,46,68,54,Organised,42,43,63,Cover
366,467,8372,2014-09-19 00:00:00,62,51.0,52,Organised,60,55,64,Organised,37,56,49,Cover
367,467,8372,2015-09-10 00:00:00,62,51.0,52,Organised,59,55,52,Organised,37,56,49,Cover
368,110500,9776,2012-02-22 00:00:00,64,,54,Organised,52,66,62,Organised,54,42,48,Cover
369,110500,9776,2013-09-20 00:00:00,68,,54,Organised,62,66,67,Free Form,57,47,53,Cover
370,110500,9776,2014-09-19 00:00:00,61,60.0,62,Organised,59,43,55,Organised,30,40,39,Cover
371,110500,9776,2015-09-10 00:00:00,66,44.0,54,Organised,62,59,51,Free Form,57,47,53,Cover
372,1824,9810,2010-02-22 00:00:00,60,,35,Organised,35,70,60,Organised,65,30,45,Cover
373,1824,9810,2011-02-22 00:00:00,52,,43,Organised,62,62,41,Organised,48,50,53,Cover
374,1824,9810,2012-02-22 00:00:00,38,,34,Organised,47,45,48,Organised,46,45,54,Cover
375,1824,9810,2013-09-20 00:00:00,41,,34,Organised,47,45,48,Organised,46,45,57,Cover
376,1824,9810,2014-09-19 00:00:00,63,48.0,42,Organised,57,50,52,Organised,43,46,55,Cover
377,1824,9810,2015-09-10 00:00:00,51,41.0,38,Organised,47,58,40,Organised,48,42,55,Cover
378,468,10268,2010-02-22 00:00:00,30,,30,Organised,45,50,70,Organised,50,45,45,Cover
379,468,10268,2011-02-22 00:00:00,43,,39,Organised,52,43,46,Organised,40,39,51,Cover
380,468,10268,2012-02-22 00:00:00,55,,73,Organised,53,54,57,Organised,49,51,58,Cover
381,468,10268,2013-09-20 00:00:00,55,,73,Organised,53,54,57,Organised,49,51,58,Cover
382,468,10268,2014-09-19 00:00:00,55,47.0,69,Organised,53,54,57,Organised,49,51,58,Cover
383,468,10268,2015-09-10 00:00:00,51,52.0,48,Organised,53,54,57,Organised,49,51,58,Cover
384,1746,8534,2010-02-22 00:00:00,30,,30,Organised,30,30,55,Organised,30,30,30,Cover
385,1746,8534,2011-02-22 00:00:00,50,,35,Organised,50,50,55,Organised,45,45,47,Offside Trap
386,1746,8534,2012-02-22 00:00:00,50,,50,Organised,50,50,50,Organised,35,45,50,Cover
387,1746,8534,2013-09-20 00:00:00,51,,54,Organised,53,54,62,Organised,39,50,59,Cover
388,1746,8534,2014-09-19 00:00:00,63,43.0,39,Organised,66,67,51,Organised,53,57,54,Cover
389,1746,8534,2015-09-10 00:00:00,66,43.0,36,Organised,59,64,63,Organised,46,66,48,Cover
390,162,8398,2010-02-22 00:00:00,45,,55,Organised,30,55,45,Organised,68,70,68,Cover
391,162,8398,2011-02-22 00:00:00,64,,55,Organised,71,38,52,Organised,58,48,40,Cover
392,162,8398,2012-02-22 00:00:00,50,,48,Organised,47,67,53,Organised,57,47,52,Cover
393,162,8398,2013-09-20 00:00:00,50,,48,Organised,47,67,53,Organised,57,47,52,Cover
394,162,8398,2014-09-19 00:00:00,39,47.0,40,Organised,52,67,56,Organised,47,55,52,Cover
395,452,8558,2010-02-22 00:00:00,55,,40,Organised,70,55,70,Organised,70,50,60,Cover
396,452,8558,2011-02-22 00:00:00,68,,55,Organised,72,70,54,Organised,51,58,56,Cover
397,452,8558,2012-02-22 00:00:00,46,,44,Organised,52,60,40,Organised,37,40,45,Cover
398,452,8558,2013-09-20 00:00:00,50,,44,Organised,52,60,40,Free Form,37,40,45,Cover
399,452,8558,2014-09-19 00:00:00,50,52.0,44,Organised,52,60,40,Organised,37,40,45,Cover
400,452,8558,2015-09-10 00:00:00,50,52.0,44,Organised,52,60,40,Free Form,37,40,45,Cover
401,10020,7842,2013-09-20 00:00:00,66,,52,Organised,47,53,39,Free Form,46,49,55,Cover
402,10020,7842,2014-09-19 00:00:00,66,56.0,52,Organised,47,53,39,Organised,46,49,55,Cover
403,10020,7842,2015-09-10 00:00:00,59,56.0,52,Organised,47,53,39,Organised,46,49,55,Cover
404,2013,6351,2011-02-22 00:00:00,50,,55,Organised,50,55,55,Organised,50,50,55,Cover
405,7,8668,2010-02-22 00:00:00,60,,65,Organised,60,70,45,Organised,40,70,40,Cover
406,7,8668,2011-02-22 00:00:00,60,,50,Organised,55,70,55,Organised,55,65,60,Cover
407,7,8668,2012-02-22 00:00:00,56,,56,Organised,48,57,56,Organised,50,50,60,Cover
408,7,8668,2013-09-20 00:00:00,58,,62,Organised,48,59,32,Organised,41,44,59,Cover
409,7,8668,2014-09-19 00:00:00,61,34.0,42,Organised,39,59,48,Organised,52,58,60,Cover
410,7,8668,2015-09-10 00:00:00,43,45.0,40,Organised,39,33,63,Organised,52,58,59,Cover
411,111271,4087,2011-02-22 00:00:00,35,,65,Organised,50,65,65,Organised,45,55,65,Cover
412,111271,4087,2012-02-22 00:00:00,53,,44,Organised,52,52,64,Organised,47,56,50,Cover
413,111271,4087,2013-09-20 00:00:00,53,,44,Organised,52,52,64,Organised,47,56,50,Cover
414,111271,4087,2014-09-19 00:00:00,61,51.0,44,Organised,52,61,48,Organised,47,56,50,Cover
415,111271,4087,2015-09-10 00:00:00,58,35.0,56,Organised,52,61,51,Organised,47,43,50,Cover
416,1971,10218,2011-02-22 00:00:00,73,,59,Organised,77,33,52,Organised,25,47,33,Cover
417,1971,10218,2012-02-22 00:00:00,47,,52,Organised,63,45,37,Organised,23,30,32,Cover
418,1971,10218,2015-09-10 00:00:00,53,41.0,69,Organised,48,45,43,Organised,29,41,36,Cover
419,79,8596,2010-02-22 00:00:00,70,,70,Organised,60,70,70,Organised,60,70,70,Cover
420,31,8722,2010-02-22 00:00:00,55,,65,Organised,65,40,60,Organised,45,55,70,Cover
421,31,8722,2011-02-22 00:00:00,58,,71,Organised,42,39,50,Organised,40,40,56,Cover
422,31,8722,2012-02-22 00:00:00,53,,53,Organised,57,44,57,Organised,43,55,67,Cover
423,31,8722,2013-09-20 00:00:00,60,,56,Organised,57,44,57,Organised,43,55,67,Cover
424,31,8722,2014-09-19 00:00:00,59,53.0,57,Organised,53,47,59,Organised,57,46,54,Cover
425,31,8722,2015-09-10 00:00:00,59,47.0,65,Organised,57,36,71,Organised,42,56,51,Cover
426,100626,6631,2015-09-10 00:00:00,39,33.0,62,Organised,62,66,48,Organised,51,58,55,Cover
427,1915,8674,2010-02-22 00:00:00,41,,32,Organised,40,47,69,Organised,30,30,30,Cover
428,1915,8674,2011-02-22 00:00:00,51,,39,Organised,48,67,62,Organised,43,44,49,Cover
429,1915,8674,2012-02-22 00:00:00,44,,41,Organised,48,64,42,Organised,49,47,53,Cover
430,1915,8674,2013-09-20 00:00:00,44,,44,Organised,56,58,42,Organised,49,47,53,Cover
431,1915,8674,2014-09-19 00:00:00,48,42.0,38,Organised,57,59,45,Organised,49,47,53,Cover
432,1915,8674,2015-09-10 00:00:00,55,32.0,55,Organised,57,59,54,Organised,49,47,53,Cover
433,236,9773,2010-02-22 00:00:00,30,,30,Free Form,60,60,60,Free Form,30,30,30,Offside Trap
434,236,9773,2011-02-22 00:00:00,50,,50,Organised,50,65,65,Free Form,55,43,65,Cover
435,236,9773,2012-02-22 00:00:00,52,,53,Organised,56,72,68,Organised,61,49,60,Cover
436,236,9773,2013-09-20 00:00:00,52,,53,Organised,56,72,68,Organised,58,60,57,Cover
437,236,9773,2014-09-19 00:00:00,52,50.0,53,Organised,56,66,68,Organised,58,60,60,Cover
438,236,9773,2015-09-10 00:00:00,70,50.0,53,Organised,56,66,68,Organised,58,60,60,Cover
439,1903,9908,2010-02-22 00:00:00,45,,45,Organised,33,50,67,Organised,30,30,30,Cover
440,1903,9908,2011-02-22 00:00:00,66,,45,Organised,41,69,72,Organised,34,57,34,Offside Trap
441,1903,9908,2012-02-22 00:00:00,47,,52,Organised,52,54,52,Organised,45,49,47,Cover
442,1903,9908,2013-09-20 00:00:00,47,,52,Organised,52,54,60,Organised,45,49,47,Cover
443,1903,9908,2014-09-19 00:00:00,50,50.0,52,Organised,55,49,52,Organised,45,49,47,Cover
444,1903,9908,2015-09-10 00:00:00,50,39.0,54,Organised,55,64,28,Organised,54,58,47,Cover
445,286,9824,2015-09-10 00:00:00,53,32.0,56,Organised,38,53,46,Organised,42,33,58,Cover
446,894,10243,2010-02-22 00:00:00,45,,60,Organised,45,70,50,Organised,50,55,50,Offside Trap
447,894,10243,2011-02-22 00:00:00,48,,56,Organised,49,61,55,Organised,54,49,60,Cover
448,894,10243,2012-02-22 00:00:00,62,,46,Organised,50,50,54,Organised,47,43,56,Cover
449,894,10243,2013-09-20 00:00:00,62,,46,Organised,50,50,54,Organised,47,43,56,Cover
450,894,10243,2014-09-19 00:00:00,62,49.0,46,Organised,47,50,54,Organised,47,43,56,Cover
451,894,10243,2015-09-10 00:00:00,62,49.0,46,Organised,47,50,54,Organised,47,43,56,Cover
452,246,10235,2010-02-22 00:00:00,30,,30,Organised,44,41,46,Organised,30,30,30,Cover
453,246,10235,2011-02-22 00:00:00,47,,53,Free Form,43,33,32,Organised,48,59,53,Cover
454,246,10235,2012-02-22 00:00:00,38,,34,Organised,60,44,50,Organised,43,43,54,Cover
455,246,10235,2013-09-20 00:00:00,44,,44,Organised,48,62,50,Organised,43,43,40,Cover
456,246,10235,2014-09-19 00:00:00,54,40.0,60,Organised,48,67,50,Organised,43,43,40,Cover
457,246,10235,2015-09-10 00:00:00,50,33.0,48,Organised,48,67,31,Organised,43,46,40,Cover
458,110374,8535,2010-02-22 00:00:00,67,,30,Free Form,50,60,60,Free Form,45,30,60,Offside Trap
459,110374,8535,2011-02-22 00:00:00,49,,50,Organised,50,60,60,Organised,45,45,50,Offside Trap
460,110374,8535,2012-02-22 00:00:00,45,,50,Organised,65,50,50,Organised,45,45,50,Cover
461,110374,8535,2013-09-20 00:00:00,53,,51,Organised,64,51,53,Organised,47,47,51,Cover
462,110374,8535,2014-09-19 00:00:00,34,54.0,33,Organised,68,51,53,Organised,58,59,67,Cover
463,110374,8535,2015-09-10 00:00:00,34,54.0,33,Organised,68,51,53,Organised,58,59,61,Cover
464,110636,8194,2010-02-22 00:00:00,65,,35,Organised,70,50,52,Free Form,45,70,54,Cover
465,110636,8194,2011-02-22 00:00:00,51,,38,Organised,52,40,54,Organised,46,59,34,Cover
466,110636,8194,2012-02-22 00:00:00,67,,47,Organised,67,68,55,Organised,56,57,52,Cover
467,110636,8194,2013-09-20 00:00:00,41,,69,Organised,55,68,52,Organised,24,48,45,Cover
468,110636,8194,2014-09-19 00:00:00,72,69.0,57,Organised,55,49,37,Organised,47,48,50,Cover
469,110636,8194,2015-09-10 00:00:00,47,62.0,47,Organised,55,68,55,Organised,56,57,52,Cover
470,25,8358,2010-02-22 00:00:00,50,,30,Organised,30,70,60,Organised,55,50,50,Cover
471,25,8358,2011-02-22 00:00:00,50,,47,Organised,47,41,34,Organised,41,42,50,Cover
472,25,8358,2012-02-22 00:00:00,52,,61,Organised,62,50,42,Organised,30,50,39,Cover
473,25,8358,2013-09-20 00:00:00,59,,38,Organised,55,39,43,Free Form,53,62,37,Cover
474,25,8358,2014-09-19 00:00:00,39,58.0,48,Organised,55,33,44,Free Form,59,60,39,Cover
475,25,8358,2015-09-10 00:00:00,59,54.0,38,Organised,55,44,45,Free Form,53,62,29,Cover
476,111657,9891,2010-02-22 00:00:00,30,,30,Organised,30,45,65,Organised,30,30,65,Offside Trap
477,111657,9891,2011-02-22 00:00:00,70,,48,Organised,46,45,65,Organised,61,67,65,Offside Trap
478,111657,9891,2015-09-10 00:00:00,63,48.0,46,Organised,51,50,50,Organised,55,57,47,Cover
479,144,9879,2010-02-22 00:00:00,60,,70,Organised,70,70,50,Organised,40,35,40,Cover
480,144,9879,2011-02-22 00:00:00,50,,55,Organised,45,55,40,Organised,45,35,50,Cover
481,144,9879,2012-02-22 00:00:00,48,,45,Organised,38,62,54,Organised,38,38,62,Cover
482,144,9879,2013-09-20 00:00:00,52,,49,Organised,49,56,59,Organised,39,39,57,Cover
483,144,9879,2014-09-19 00:00:00,52,34.0,56,Organised,58,41,54,Organised,29,28,39,Cover
484,144,9879,2015-09-10 00:00:00,52,34.0,48,Organised,39,54,59,Organised,29,30,39,Cover
485,673,9987,2010-02-22 00:00:00,45,,45,Organised,50,35,60,Organised,70,65,70,Cover
486,673,9987,2011-02-22 00:00:00,66,,52,Organised,65,66,51,Organised,48,47,54,Offside Trap
487,673,9987,2012-02-22 00:00:00,53,,55,Organised,55,48,56,Organised,47,45,55,Cover
488,673,9987,2013-09-20 00:00:00,58,,38,Organised,67,48,56,Organised,47,45,55,Cover
489,673,9987,2014-09-19 00:00:00,58,52.0,38,Organised,67,48,56,Organised,47,45,55,Cover
490,673,9987,2015-09-10 00:00:00,58,52.0,38,Organised,30,69,56,Organised,36,57,70,Cover
491,110556,10233,2010-02-22 00:00:00,70,,50,Organised,70,40,65,Organised,40,65,30,Cover
492,110556,10233,2011-02-22 00:00:00,65,,35,Organised,50,50,50,Free Form,54,65,35,Cover
493,110556,10233,2012-02-22 00:00:00,50,,50,Organised,50,50,50,Organised,45,45,50,Cover
494,110556,10233,2013-09-20 00:00:00,64,,38,Organised,66,67,49,Organised,46,47,53,Offside Trap
495,110556,10233,2014-09-19 00:00:00,64,52.0,68,Organised,66,53,49,Organised,23,47,53,Cover
496,110556,10233,2015-09-10 00:00:00,64,52.0,68,Organised,66,45,23,Organised,27,47,53,Cover
497,674,9991,2010-02-22 00:00:00,70,,65,Organised,60,50,60,Organised,45,50,40,Cover
498,674,9991,2011-02-22 00:00:00,55,,55,Organised,54,74,56,Organised,61,39,38,Cover
499,674,9991,2012-02-22 00:00:00,50,,47,Organised,55,66,47,Organised,48,45,52,Cover
500,674,9991,2013-09-20 00:00:00,50,,37,Organised,28,66,34,Free Form,50,53,40,Cover
501,674,9991,2014-09-19 00:00:00,50,55.0,37,Organised,28,66,34,Organised,55,59,52,Cover
502,674,9991,2015-09-10 00:00:00,50,55.0,37,Organised,42,66,34,Organised,49,54,52,Cover
503,1860,8305,2010-02-22 00:00:00,30,,35,Organised,35,50,70,Free Form,40,30,50,Offside Trap
504,1860,8305,2011-02-22 00:00:00,54,,45,Organised,38,54,57,Organised,59,39,66,Cover
505,1860,8305,2012-02-22 00:00:00,25,,40,Organised,58,42,52,Organised,49,45,47,Cover
506,1860,8305,2013-09-20 00:00:00,29,,40,Organised,58,42,52,Organised,49,45,47,Cover
507,1860,8305,2014-09-19 00:00:00,35,42.0,40,Organised,58,42,52,Organised,49,45,47,Cover
508,1860,8305,2015-09-10 00:00:00,34,41.0,38,Organised,55,39,49,Organised,43,42,49,Cover
509,110316,6391,2013-09-20 00:00:00,61,,52,Organised,55,66,58,Organised,47,46,53,Cover
510,110316,6391,2015-09-10 00:00:00,48,53.0,52,Organised,55,53,55,Organised,42,46,53,Cover
511,1888,9764,2012-02-22 00:00:00,46,,41,Organised,54,52,46,Organised,39,57,53,Cover
512,1888,9764,2013-09-20 00:00:00,46,,41,Organised,54,52,46,Organised,39,57,53,Cover
513,1888,9764,2014-09-19 00:00:00,65,67.0,41,Organised,54,47,46,Free Form,39,40,53,Cover
514,1888,9764,2015-09-10 00:00:00,68,67.0,41,Organised,54,47,46,Free Form,39,40,53,Cover
515,110744,8569,2010-02-22 00:00:00,30,,50,Organised,45,40,70,Organised,65,70,65,Cover
516,110744,8569,2011-02-22 00:00:00,47,,27,Organised,45,51,54,Organised,48,60,37,Cover
517,110744,8569,2012-02-22 00:00:00,52,,67,Organised,52,73,50,Organised,47,45,35,Cover
518,110744,8569,2013-09-20 00:00:00,52,,43,Organised,52,37,50,Organised,47,45,40,Cover
519,110744,8569,2015-09-10 00:00:00,52,48.0,43,Organised,52,37,50,Organised,47,45,40,Cover
520,100632,6433,2014-09-19 00:00:00,55,47.0,42,Organised,37,42,53,Organised,43,47,51,Cover
521,100632,6433,2015-09-10 00:00:00,58,38.0,64,Organised,37,42,52,Organised,43,47,51,Cover
522,110565,8019,2015-09-10 00:00:00,41,40.0,59,Organised,41,44,54,Organised,52,47,50,Cover
523,111429,8020,2010-02-22 00:00:00,30,,50,Organised,45,35,70,Organised,60,70,55,Cover
524,111429,8020,2011-02-22 00:00:00,46,,38,Organised,36,33,53,Organised,53,54,55,Cover
525,110832,7878,2011-02-22 00:00:00,53,,52,Organised,54,59,55,Organised,54,49,67,Cover
526,110832,7878,2012-02-22 00:00:00,48,,37,Organised,72,76,52,Organised,49,45,68,Cover
527,110832,7878,2013-09-20 00:00:00,52,,37,Organised,72,76,52,Organised,49,45,68,Cover
528,110832,7878,2014-09-19 00:00:00,52,62.0,37,Organised,67,68,52,Organised,49,45,64,Cover
529,110832,7878,2015-09-10 00:00:00,57,50.0,59,Organised,61,63,51,Organised,48,45,62,Cover
530,322,9956,2010-02-22 00:00:00,30,,50,Organised,55,70,55,Organised,40,60,60,Cover
531,322,9956,2011-02-22 00:00:00,67,,53,Organised,55,66,63,Organised,43,48,62,Cover
532,322,9956,2012-02-22 00:00:00,50,,54,Organised,52,54,46,Organised,36,43,47,Cover
533,322,9956,2013-09-20 00:00:00,50,,54,Organised,52,54,46,Organised,36,43,47,Cover
534,322,9956,2014-09-19 00:00:00,50,60.0,54,Organised,52,54,46,Organised,36,43,47,Cover
535,322,9956,2015-09-10 00:00:00,50,60.0,54,Organised,52,54,46,Organised,36,43,47,Cover
536,1805,9855,2010-02-22 00:00:00,70,,70,Organised,65,60,70,Organised,70,55,70,Cover
537,1805,9855,2011-02-22 00:00:00,50,,50,Organised,50,50,50,Organised,45,45,50,Cover
538,165,8357,2010-02-22 00:00:00,55,,45,Organised,30,70,70,Organised,40,55,60,Cover
539,165,8357,2011-02-22 00:00:00,59,,40,Organised,56,54,48,Organised,59,46,53,Cover
540,165,8357,2012-02-22 00:00:00,68,,45,Organised,54,44,43,Organised,48,56,66,Cover
541,165,8357,2013-09-20 00:00:00,57,,53,Organised,54,49,46,Organised,36,56,33,Cover
542,165,8357,2014-09-19 00:00:00,66,60.0,38,Organised,56,40,52,Organised,49,48,62,Cover
543,165,8357,2015-09-10 00:00:00,54,60.0,53,Organised,54,49,46,Organised,48,56,66,Cover
544,62,9747,2010-02-22 00:00:00,35,,30,Organised,45,55,70,Organised,30,65,30,Offside Trap
545,62,9747,2012-02-22 00:00:00,52,,48,Organised,53,49,48,Organised,33,43,49,Cover
546,62,9747,2013-09-20 00:00:00,52,,48,Organised,53,49,59,Organised,46,43,49,Cover
547,62,9747,2014-09-19 00:00:00,63,58.0,48,Organised,53,49,48,Organised,43,47,49,Cover
548,62,9747,2015-09-10 00:00:00,63,37.0,58,Organised,42,56,36,Organised,49,47,49,Cover
549,28,9790,2010-02-22 00:00:00,70,,60,Organised,70,60,70,Organised,70,45,60,Cover
550,28,9790,2011-02-22 00:00:00,52,,29,Organised,61,58,54,Organised,60,55,52,Cover
551,28,9790,2012-02-22 00:00:00,46,,40,Organised,60,55,39,Organised,55,47,48,Cover
552,28,9790,2013-09-20 00:00:00,34,,38,Organised,34,59,48,Organised,45,35,58,Cover
553,28,9790,2014-09-19 00:00:00,45,61.0,58,Organised,60,73,62,Organised,45,32,63,Cover
554,28,9790,2015-09-10 00:00:00,42,56.0,52,Organised,62,58,47,Organised,44,41,49,Cover
555,184,8429,2010-02-22 00:00:00,70,,70,Organised,70,70,60,Organised,60,65,70,Cover
556,184,8429,2011-02-22 00:00:00,66,,52,Organised,52,53,34,Organised,46,47,52,Cover
557,184,8429,2015-09-10 00:00:00,48,48.0,47,Free Form,73,53,71,Organised,55,48,52,Cover
558,485,9904,2010-02-22 00:00:00,55,,70,Organised,65,45,65,Organised,70,70,70,Cover
559,485,9904,2011-02-22 00:00:00,55,,56,Organised,55,43,53,Organised,39,37,53,Cover
560,485,9904,2012-02-22 00:00:00,65,,58,Organised,63,44,64,Organised,39,45,47,Cover
561,485,9904,2013-09-20 00:00:00,78,,58,Organised,66,39,41,Organised,39,48,47,Cover
562,485,9904,2014-09-19 00:00:00,48,55.0,38,Organised,38,51,40,Organised,37,48,56,Cover
563,485,9904,2015-09-10 00:00:00,48,55.0,41,Organised,38,51,40,Organised,35,50,61,Cover
564,80,9860,2010-02-22 00:00:00,70,,70,Organised,70,70,70,Organised,60,70,70,Cover
565,80,9860,2011-02-22 00:00:00,66,,53,Organised,53,68,66,Organised,56,68,66,Cover
566,80,9860,2012-02-22 00:00:00,55,,62,Organised,55,60,60,Organised,50,52,57,Cover
567,80,9860,2013-09-20 00:00:00,52,,53,Organised,59,60,64,Organised,52,53,57,Cover
568,80,9860,2014-09-19 00:00:00,55,51.0,62,Organised,55,61,60,Organised,49,52,57,Cover
569,100634,9791,2010-02-22 00:00:00,30,,45,Organised,31,43,59,Organised,30,30,30,Cover
570,100634,9791,2011-02-22 00:00:00,69,,45,Organised,40,70,45,Organised,36,66,34,Cover
571,100634,9791,2012-02-22 00:00:00,43,,27,Organised,55,58,60,Organised,33,43,47,Cover
572,100634,9791,2013-09-20 00:00:00,39,,32,Organised,40,42,66,Free Form,47,43,47,Cover
573,100634,9791,2014-09-19 00:00:00,46,55.0,32,Organised,48,58,59,Organised,60,62,47,Cover
574,100634,9791,2015-09-10 00:00:00,50,36.0,61,Organised,48,58,59,Organised,60,62,47,Cover
575,100879,10278,2010-02-22 00:00:00,40,,30,Organised,50,35,70,Organised,35,35,50,Cover
576,100879,10278,2011-02-22 00:00:00,54,,55,Organised,53,40,59,Organised,48,58,53,Cover
577,100879,10278,2012-02-22 00:00:00,53,,54,Organised,60,58,60,Organised,50,52,58,Cover
578,100879,10278,2013-09-20 00:00:00,53,,54,Organised,60,58,60,Organised,50,52,58,Cover
579,100879,10278,2014-09-19 00:00:00,53,47.0,54,Organised,60,58,60,Organised,50,52,58,Cover
580,166,8177,2010-02-22 00:00:00,60,,50,Organised,45,55,55,Organised,55,30,55,Cover
581,166,8177,2011-02-22 00:00:00,59,,43,Organised,56,50,66,Organised,50,43,55,Cover
582,166,8177,2012-02-22 00:00:00,48,,45,Organised,45,51,46,Organised,50,50,55,Cover
583,166,8177,2013-09-20 00:00:00,40,,55,Organised,63,46,63,Organised,50,38,55,Cover
584,166,8177,2014-09-19 00:00:00,68,52.0,55,Organised,51,59,59,Organised,41,60,51,Cover
585,166,8177,2015-09-10 00:00:00,47,44.0,55,Organised,59,68,45,Organised,50,45,57,Cover
586,81,10251,2010-02-22 00:00:00,70,,70,Organised,60,70,70,Organised,60,70,70,Cover
587,81,10251,2011-02-22 00:00:00,48,,51,Organised,52,64,52,Organised,47,47,51,Cover
588,81,10251,2012-02-22 00:00:00,55,,44,Organised,46,48,44,Organised,42,40,40,Cover
589,81,10251,2013-09-20 00:00:00,60,,46,Organised,58,48,44,Organised,47,46,60,Cover
590,81,10251,2014-09-19 00:00:00,55,49.0,44,Organised,47,43,49,Organised,43,41,40,Cover
591,10029,8226,2010-02-22 00:00:00,70,,30,Organised,70,55,55,Organised,65,70,65,Offside Trap
592,10029,8226,2011-02-22 00:00:00,75,,35,Organised,72,51,68,Free Form,68,50,52,Cover
593,10029,8226,2012-02-22 00:00:00,61,,53,Organised,42,62,54,Organised,47,59,40,Cover
594,10029,8226,2013-09-20 00:00:00,32,,53,Organised,36,62,64,Organised,47,52,45,Cover
595,10029,8226,2014-09-19 00:00:00,68,49.0,63,Organised,68,38,55,Free Form,56,57,54,Cover
596,10029,8226,2015-09-10 00:00:00,69,49.0,53,Organised,66,62,59,Organised,63,61,38,Cover
597,1952,8667,2010-02-22 00:00:00,65,,60,Organised,70,70,55,Organised,70,70,70,Cover
598,1952,8667,2011-02-22 00:00:00,49,,52,Organised,64,64,37,Organised,46,46,67,Cover
599,1952,8667,2012-02-22 00:00:00,61,,48,Organised,38,60,54,Organised,38,42,46,Cover
600,1952,8667,2013-09-20 00:00:00,63,,48,Organised,38,60,54,Organised,34,37,46,Cover
601,1952,8667,2014-09-19 00:00:00,56,35.0,51,Organised,54,60,48,Organised,38,37,46,Cover
602,1952,8667,2015-09-10 00:00:00,56,40.0,55,Organised,54,49,56,Organised,38,37,46,Cover
603,111239,8234,2011-02-22 00:00:00,47,,54,Organised,54,51,46,Organised,37,50,53,Cover
604,111239,8234,2012-02-22 00:00:00,55,,46,Organised,47,53,51,Organised,33,42,49,Cover
605,111239,8234,2013-09-20 00:00:00,55,,46,Organised,47,53,51,Organised,33,42,49,Cover
606,111239,8234,2014-09-19 00:00:00,54,59.0,47,Organised,53,33,52,Organised,42,36,49,Cover
607,111239,8234,2015-09-10 00:00:00,55,51.0,46,Organised,47,53,51,Organised,37,48,49,Cover
608,44,8636,2010-02-22 00:00:00,55,,55,Free Form,50,55,70,Organised,50,60,55,Cover
609,44,8636,2011-02-22 00:00:00,55,,50,Free Form,50,55,65,Organised,50,60,55,Cover
610,44,8636,2012-02-22 00:00:00,45,,50,Organised,65,50,65,Organised,35,55,35,Cover
611,44,8636,2013-09-20 00:00:00,67,,67,Organised,68,52,66,Free Form,36,57,38,Cover
612,44,8636,2014-09-19 00:00:00,67,48.0,67,Organised,68,69,66,Organised,23,57,34,Cover
613,44,8636,2015-09-10 00:00:00,58,69.0,54,Organised,56,60,53,Organised,47,49,63,Cover
614,620,8066,2011-02-22 00:00:00,36,,67,Organised,66,37,51,Organised,37,57,36,Cover
615,620,8066,2012-02-22 00:00:00,61,,59,Organised,48,52,54,Organised,40,40,46,Cover
616,620,8066,2013-09-20 00:00:00,35,,54,Organised,56,54,61,Organised,47,46,46,Cover
617,620,8066,2014-09-19 00:00:00,61,49.0,59,Organised,50,57,55,Organised,43,41,46,Cover
618,620,8066,2015-09-10 00:00:00,48,47.0,32,Organised,57,48,69,Free Form,44,44,51,Cover
619,110745,1957,2010-02-22 00:00:00,30,,50,Organised,45,35,70,Organised,70,70,70,Cover
620,110745,1957,2011-02-22 00:00:00,33,,52,Organised,48,39,64,Organised,32,56,52,Cover
621,110745,1957,2012-02-22 00:00:00,58,,69,Organised,53,42,68,Organised,40,50,51,Cover
622,110745,1957,2013-09-20 00:00:00,58,,69,Organised,53,42,68,Organised,40,50,51,Cover
623,110745,1957,2014-09-19 00:00:00,38,54.0,38,Organised,53,27,66,Organised,57,56,49,Cover
624,110745,1957,2015-09-10 00:00:00,66,54.0,38,Organised,53,33,66,Organised,57,56,49,Cover
625,45,9885,2010-02-22 00:00:00,45,,35,Free Form,45,55,70,Free Form,50,35,70,Offside Trap
626,45,9885,2011-02-22 00:00:00,65,,50,Organised,50,77,50,Organised,55,55,35,Cover
627,45,9885,2012-02-22 00:00:00,50,,35,Organised,65,65,50,Organised,35,55,35,Cover
628,45,9885,2013-09-20 00:00:00,39,,33,Organised,51,63,72,Free Form,66,67,36,Cover
629,45,9885,2014-09-19 00:00:00,26,47.0,24,Organised,64,53,72,Organised,23,67,36,Cover
630,45,9885,2015-09-10 00:00:00,50,35.0,20,Organised,65,50,80,Organised,35,65,35,Cover
631,29,8350,2010-02-22 00:00:00,45,,55,Organised,45,70,70,Organised,70,70,70,Cover
632,29,8350,2011-02-22 00:00:00,48,,42,Organised,49,68,53,Organised,38,48,53,Cover
633,29,8350,2012-02-22 00:00:00,38,,54,Organised,43,49,64,Organised,37,51,53,Cover
634,29,8350,2013-09-20 00:00:00,61,,54,Organised,43,62,56,Organised,48,50,53,Cover
635,29,8350,2014-09-19 00:00:00,66,48.0,53,Organised,54,69,51,Organised,47,47,49,Cover
636,29,8350,2015-09-10 00:00:00,49,54.0,52,Organised,49,54,64,Organised,41,51,53,Cover
637,1832,8295,2010-02-22 00:00:00,70,,35,Organised,70,65,70,Organised,65,40,65,Cover
638,1832,8295,2011-02-22 00:00:00,53,,55,Organised,71,56,56,Organised,52,46,47,Cover
639,1832,8295,2012-02-22 00:00:00,54,,47,Organised,53,44,49,Organised,34,46,39,Cover
640,1832,8295,2014-09-19 00:00:00,56,55.0,53,Organised,53,46,49,Organised,32,46,37,Cover
641,1832,8295,2015-09-10 00:00:00,54,52.0,47,Organised,53,44,49,Organised,34,46,39,Cover
642,82,8597,2010-02-22 00:00:00,70,,70,Organised,70,70,65,Organised,60,70,70,Cover
643,82,8597,2011-02-22 00:00:00,36,,36,Organised,37,52,51,Organised,48,43,48,Cover
644,82,8597,2012-02-22 00:00:00,56,,61,Organised,55,48,46,Organised,43,43,52,Cover
645,82,8597,2013-09-20 00:00:00,53,,54,Organised,55,50,49,Organised,47,49,52,Cover
646,82,8597,2014-09-19 00:00:00,56,50.0,61,Organised,56,48,46,Organised,44,44,52,Cover
647,82,8597,2015-09-10 00:00:00,50,48.0,60,Organised,49,62,47,Organised,46,46,52,Cover
648,111083,8245,2010-02-22 00:00:00,30,,45,Organised,45,35,70,Organised,50,70,50,Cover
649,111083,8245,2011-02-22 00:00:00,67,,66,Organised,49,49,69,Organised,57,48,67,Cover
650,111083,8245,2012-02-22 00:00:00,75,,62,Organised,48,53,68,Organised,58,43,65,Cover
651,111083,8245,2013-09-20 00:00:00,70,,50,Organised,48,53,68,Organised,58,43,60,Cover
652,111083,8245,2014-09-19 00:00:00,73,69.0,50,Organised,64,53,36,Organised,30,43,62,Cover
653,111083,8245,2015-09-10 00:00:00,59,69.0,50,Organised,64,53,36,Organised,30,43,62,Cover
654,100081,8571,2010-02-22 00:00:00,50,,60,Organised,50,50,50,Organised,60,60,65,Cover
655,100081,8571,2011-02-22 00:00:00,38,,65,Free Form,38,69,52,Organised,34,57,47,Cover
656,100081,8571,2012-02-22 00:00:00,31,,47,Organised,37,67,50,Organised,46,45,52,Cover
657,100081,8571,2013-09-20 00:00:00,42,,40,Organised,37,67,30,Organised,46,45,52,Cover
658,100081,8571,2014-09-19 00:00:00,42,40.0,47,Organised,37,67,30,Organised,46,45,52,Cover
659,100081,8571,2015-09-10 00:00:00,42,40.0,47,Organised,37,67,30,Organised,46,45,52,Cover
660,110724,8203,2010-02-22 00:00:00,65,,60,Organised,50,40,50,Organised,60,70,60,Cover
661,110724,8203,2011-02-22 00:00:00,67,,57,Organised,47,47,52,Organised,48,61,48,Cover
662,110724,8203,2012-02-22 00:00:00,52,,54,Organised,47,53,50,Organised,52,60,48,Cover
663,110724,8203,2013-09-20 00:00:00,52,,33,Organised,47,53,50,Free Form,42,60,52,Cover
664,110724,8203,2014-09-19 00:00:00,52,42.0,40,Organised,47,53,50,Organised,42,51,52,Cover
665,110724,8203,2015-09-10 00:00:00,52,42.0,40,Organised,47,53,50,Organised,42,51,52,Cover
666,472,8306,2010-02-22 00:00:00,30,,30,Organised,45,40,70,Organised,35,45,45,Offside Trap
667,472,8306,2011-02-22 00:00:00,54,,56,Organised,67,61,59,Organised,48,56,67,Cover
668,472,8306,2012-02-22 00:00:00,48,,44,Organised,53,42,53,Organised,53,39,57,Cover
669,472,8306,2013-09-20 00:00:00,48,,44,Organised,53,42,53,Organised,53,39,57,Cover
670,472,8306,2014-09-19 00:00:00,48,55.0,44,Organised,53,42,53,Organised,53,39,57,Cover
671,472,8306,2015-09-10 00:00:00,48,55.0,44,Organised,53,42,53,Organised,53,39,57,Cover
672,1862,7730,2010-02-22 00:00:00,30,,60,Organised,40,60,60,Organised,55,60,50,Cover
673,1862,7730,2012-02-22 00:00:00,37,,49,Organised,52,60,48,Organised,43,43,55,Cover
674,1862,7730,2013-09-20 00:00:00,51,,49,Organised,52,60,48,Organised,43,43,55,Cover
675,1862,7730,2014-09-19 00:00:00,37,55.0,49,Organised,52,60,52,Organised,46,44,55,Cover
676,46,8543,2010-02-22 00:00:00,60,,50,Organised,50,40,70,Organised,55,50,70,Cover
677,46,8543,2011-02-22 00:00:00,60,,35,Free Form,50,35,51,Organised,45,50,35,Cover
678,46,8543,2012-02-22 00:00:00,45,,50,Organised,65,50,50,Organised,35,45,50,Cover
679,46,8543,2013-09-20 00:00:00,51,,54,Organised,68,52,69,Free Form,59,53,54,Cover
680,46,8543,2014-09-19 00:00:00,49,69.0,54,Organised,68,63,69,Organised,59,53,54,Cover
681,46,8543,2015-09-10 00:00:00,68,65.0,55,Organised,68,80,72,Free Form,59,66,65,Cover
682,1738,9746,2010-02-22 00:00:00,55,,45,Organised,40,50,65,Organised,30,70,30,Cover
683,1738,9746,2011-02-22 00:00:00,50,,50,Organised,65,50,65,Organised,45,45,65,Cover
684,1738,9746,2012-02-22 00:00:00,46,,52,Organised,49,54,52,Organised,47,55,66,Cover
685,1738,9746,2013-09-20 00:00:00,46,,52,Organised,49,54,52,Organised,47,55,52,Cover
686,1738,9746,2014-09-19 00:00:00,46,56.0,52,Organised,49,54,52,Organised,47,55,52,Cover
687,1738,9746,2015-09-10 00:00:00,46,56.0,52,Organised,49,54,52,Organised,47,55,52,Cover
688,1739,8682,2010-02-22 00:00:00,70,,45,Organised,65,60,65,Organised,70,60,70,Cover
689,1739,8682,2011-02-22 00:00:00,65,,50,Organised,65,65,65,Organised,60,55,35,Cover
690,1739,8682,2012-02-22 00:00:00,58,,47,Organised,49,68,50,Organised,47,44,51,Cover
691,1739,8682,2013-09-20 00:00:00,58,,47,Organised,49,68,50,Organised,47,44,51,Cover
692,347,9888,2010-02-22 00:00:00,40,,30,Organised,45,60,70,Organised,30,70,65,Cover
693,347,9888,2011-02-22 00:00:00,50,,50,Organised,50,60,52,Organised,30,55,65,Cover
694,347,9888,2012-02-22 00:00:00,45,,50,Organised,50,50,35,Organised,35,55,50,Cover
695,873,2182,2010-02-22 00:00:00,40,,35,Organised,45,40,70,Organised,60,55,45,Cover
696,873,2182,2011-02-22 00:00:00,64,,57,Organised,68,48,70,Organised,59,37,48,Cover
697,873,2182,2012-02-22 00:00:00,67,,54,Organised,56,62,67,Organised,47,47,63,Cover
698,873,2182,2013-09-20 00:00:00,67,,54,Organised,56,62,67,Organised,47,47,63,Cover
699,873,2182,2014-09-19 00:00:00,67,55.0,54,Organised,56,62,67,Organised,47,47,63,Cover
700,873,2182,2015-09-10 00:00:00,57,50.0,40,Free Form,59,70,67,Free Form,50,58,45,Cover
701,111091,8030,2010-02-22 00:00:00,30,,45,Organised,45,35,70,Organised,70,70,65,Cover
702,111091,8030,2011-02-22 00:00:00,63,,37,Organised,68,30,52,Organised,46,60,47,Cover
703,111091,8030,2012-02-22 00:00:00,44,,52,Organised,50,53,68,Organised,49,48,65,Cover
704,111091,8030,2013-09-20 00:00:00,44,,52,Organised,50,53,68,Organised,49,59,60,Cover
705,111091,8030,2014-09-19 00:00:00,62,48.0,52,Organised,50,63,52,Organised,37,58,63,Cover
706,111091,8030,2015-09-10 00:00:00,62,48.0,52,Free Form,66,59,58,Organised,51,58,40,Cover
707,1871,8673,2010-02-22 00:00:00,30,,35,Organised,55,45,70,Organised,65,70,60,Cover
708,1871,8673,2011-02-22 00:00:00,67,,35,Organised,55,36,53,Organised,59,48,66,Cover
709,1871,8673,2012-02-22 00:00:00,69,,55,Organised,52,40,53,Organised,59,49,67,Cover
710,1871,8673,2013-09-20 00:00:00,69,,55,Organised,52,40,53,Organised,59,49,63,Cover
711,1871,8673,2014-09-19 00:00:00,54,51.0,36,Free Form,52,51,64,Organised,47,46,66,Cover
712,1871,8673,2015-09-10 00:00:00,54,47.0,36,Organised,52,51,64,Free Form,50,60,58,Cover
713,95,8197,2010-02-22 00:00:00,70,,70,Organised,70,70,45,Organised,70,70,70,Cover
714,95,8197,2011-02-22 00:00:00,36,,52,Organised,36,52,52,Organised,51,34,48,Cover
715,95,8197,2012-02-22 00:00:00,45,,48,Organised,48,56,56,Organised,48,52,54,Cover
716,95,8197,2013-09-20 00:00:00,45,,48,Organised,48,56,56,Organised,48,52,54,Cover
717,95,8197,2014-09-19 00:00:00,63,36.0,48,Organised,47,62,69,Organised,58,62,54,Cover
718,95,8197,2015-09-10 00:00:00,63,41.0,60,Organised,47,64,46,Organised,58,65,55,Cover
719,10018,6421,2010-02-22 00:00:00,30,,30,Organised,50,50,65,Organised,30,30,30,Cover
720,64,8588,2010-02-22 00:00:00,30,,30,Organised,60,50,70,Organised,70,60,70,Offside Trap
721,64,8588,2011-02-22 00:00:00,65,,50,Organised,50,65,65,Organised,45,55,50,Cover
722,64,8588,2012-02-22 00:00:00,64,,49,Organised,49,53,34,Organised,46,44,49,Cover
723,64,8588,2013-09-20 00:00:00,64,,49,Organised,49,53,37,Organised,42,44,49,Cover
724,64,8588,2014-09-19 00:00:00,64,52.0,49,Organised,49,53,34,Organised,46,44,49,Cover
725,64,8588,2015-09-10 00:00:00,64,44.0,50,Organised,49,53,46,Organised,46,44,49,Cover
726,1853,8581,2010-02-22 00:00:00,30,,30,Organised,45,40,70,Organised,30,35,50,Cover
727,1853,8581,2011-02-22 00:00:00,68,,56,Organised,69,55,58,Organised,37,47,54,Cover
728,1853,8581,2012-02-22 00:00:00,53,,63,Organised,55,61,52,Organised,47,52,56,Cover
729,1853,8581,2013-09-20 00:00:00,57,,63,Organised,55,61,52,Organised,47,52,56,Cover
730,1853,8581,2014-09-19 00:00:00,57,51.0,63,Organised,55,61,52,Organised,47,52,56,Cover
731,1853,8581,2015-09-10 00:00:00,62,36.0,65,Organised,71,42,65,Organised,36,33,42,Cover
732,239,9989,2011-02-22 00:00:00,48,,65,Organised,55,45,50,Organised,46,48,45,Cover
733,239,9989,2012-02-22 00:00:00,69,,58,Organised,56,52,61,Organised,45,49,65,Cover
734,239,9989,2013-09-20 00:00:00,69,,58,Organised,56,52,61,Free Form,38,49,65,Cover
735,239,9989,2014-09-19 00:00:00,69,44.0,58,Organised,56,52,61,Organised,38,49,65,Cover
736,239,9989,2015-09-10 00:00:00,69,44.0,58,Organised,56,52,61,Organised,38,49,65,Cover
737,65,8639,2010-02-22 00:00:00,70,,60,Organised,50,45,55,Organised,55,70,55,Cover
738,65,8639,2011-02-22 00:00:00,65,,65,Organised,50,80,50,Organised,55,55,35,Cover
739,65,8639,2012-02-22 00:00:00,34,,23,Organised,63,52,49,Free Form,58,56,48,Cover
740,65,8639,2013-09-20 00:00:00,34,,42,Organised,63,52,49,Organised,47,42,48,Cover
741,65,8639,2014-09-19 00:00:00,45,65.0,42,Organised,68,52,49,Organised,59,42,48,Cover
742,65,8639,2015-09-10 00:00:00,45,36.0,43,Organised,68,52,64,Organised,59,42,48,Cover
743,9,8650,2010-02-22 00:00:00,50,,35,Organised,50,60,70,Organised,40,60,40,Cover
744,9,8650,2011-02-22 00:00:00,60,,50,Organised,40,45,60,Organised,55,55,50,Cover
745,9,8650,2012-02-22 00:00:00,60,,60,Organised,48,73,53,Organised,50,48,62,Cover
746,9,8650,2013-09-20 00:00:00,39,,44,Organised,42,34,54,Organised,59,52,61,Cover
747,9,8650,2014-09-19 00:00:00,71,48.0,32,Organised,34,41,61,Organised,51,48,62,Cover
748,9,8650,2015-09-10 00:00:00,66,60.0,45,Organised,34,34,46,Organised,51,52,61,Cover
749,1844,8537,2010-02-22 00:00:00,30,,30,Organised,30,30,55,Organised,30,30,30,Offside Trap
750,1844,8537,2011-02-22 00:00:00,65,,50,Organised,30,65,65,Organised,45,60,30,Cover
751,1844,8537,2012-02-22 00:00:00,50,,50,Organised,35,50,50,Organised,35,45,35,Cover
752,1844,8537,2013-09-20 00:00:00,58,,55,Organised,52,57,63,Free Form,58,49,56,Cover
753,1844,8537,2014-09-19 00:00:00,58,58.0,67,Organised,38,23,77,Organised,29,57,32,Cover
754,1844,8537,2015-09-10 00:00:00,58,58.0,67,Organised,38,27,69,Organised,31,57,38,Cover
755,301,8244,2011-02-22 00:00:00,63,,48,Organised,48,68,53,Organised,37,58,63,Cover
756,301,8244,2012-02-22 00:00:00,66,,72,Organised,70,61,54,Organised,32,32,62,Cover
757,301,8244,2013-09-20 00:00:00,66,,59,Organised,43,61,54,Organised,32,43,46,Cover
758,301,8244,2014-09-19 00:00:00,66,52.0,72,Organised,66,67,51,Organised,36,38,65,Cover
759,2007,9994,2010-02-22 00:00:00,60,,60,Organised,50,40,50,Organised,65,65,70,Cover
760,2007,9994,2011-02-22 00:00:00,66,,53,Organised,48,46,52,Organised,48,58,55,Cover
761,2007,9994,2012-02-22 00:00:00,67,,52,Organised,51,50,50,Organised,45,52,52,Cover
762,2007,9994,2013-09-20 00:00:00,67,,52,Organised,31,50,50,Organised,45,52,52,Cover
763,2007,9994,2014-09-19 00:00:00,62,45.0,52,Organised,42,50,62,Organised,45,52,52,Cover
764,2007,9994,2015-09-10 00:00:00,62,45.0,52,Organised,42,50,62,Organised,45,52,52,Cover
765,217,8689,2010-02-22 00:00:00,45,,70,Organised,30,50,40,Organised,70,60,70,Offside Trap
766,217,8689,2011-02-22 00:00:00,35,,35,Organised,80,50,50,Organised,55,35,65,Cover
767,217,8689,2012-02-22 00:00:00,60,,42,Organised,48,53,64,Organised,43,47,48,Cover
768,217,8689,2013-09-20 00:00:00,60,,42,Organised,48,53,64,Organised,43,47,48,Cover
769,217,8689,2014-09-19 00:00:00,60,56.0,42,Organised,48,53,64,Organised,43,47,48,Cover
770,217,8689,2015-09-10 00:00:00,57,42.0,50,Organised,48,53,46,Organised,51,56,55,Cover
771,897,10199,2010-02-22 00:00:00,45,,60,Organised,45,70,60,Organised,40,45,50,Offside Trap
772,897,10199,2011-02-22 00:00:00,48,,57,Organised,63,34,64,Organised,56,45,52,Cover
773,897,10199,2012-02-22 00:00:00,46,,48,Organised,51,53,55,Organised,48,47,50,Cover
774,897,10199,2013-09-20 00:00:00,46,,48,Organised,51,53,55,Organised,48,47,50,Cover
775,897,10199,2014-09-19 00:00:00,63,51.0,51,Organised,54,40,66,Organised,48,53,50,Cover
776,897,10199,2015-09-10 00:00:00,63,51.0,51,Organised,54,40,66,Organised,48,53,50,Cover
777,66,9748,2010-02-22 00:00:00,60,,40,Organised,70,45,70,Organised,70,60,70,Offside Trap
778,66,9748,2011-02-22 00:00:00,65,,50,Organised,50,50,80,Organised,45,45,65,Cover
779,66,9748,2012-02-22 00:00:00,49,,52,Organised,49,54,67,Organised,46,47,47,Cover
780,66,9748,2013-09-20 00:00:00,49,,52,Organised,49,54,67,Organised,46,47,47,Cover
781,66,9748,2014-09-19 00:00:00,49,60.0,52,Organised,49,54,67,Organised,46,47,47,Cover
782,66,9748,2015-09-10 00:00:00,49,60.0,52,Organised,49,54,67,Organised,46,47,47,Cover
783,169,9905,2010-02-22 00:00:00,45,,40,Organised,45,70,70,Organised,50,70,50,Cover
784,169,9905,2011-02-22 00:00:00,65,,50,Organised,59,62,53,Organised,57,53,43,Cover
785,169,9905,2012-02-22 00:00:00,68,,57,Organised,55,39,60,Organised,52,65,53,Cover
786,169,9905,2013-09-20 00:00:00,66,,52,Organised,55,37,56,Organised,48,65,53,Cover
787,169,9905,2014-09-19 00:00:00,67,54.0,57,Organised,55,38,44,Organised,53,60,52,Cover
788,169,9905,2015-09-10 00:00:00,60,43.0,53,Organised,49,40,44,Organised,55,62,47,Cover
789,573,9864,2010-02-22 00:00:00,60,,55,Organised,40,45,70,Organised,45,65,45,Cover
790,573,9864,2011-02-22 00:00:00,58,,54,Organised,54,55,61,Organised,45,47,54,Cover
791,573,9864,2012-02-22 00:00:00,41,,36,Organised,72,69,50,Organised,64,58,42,Cover
792,573,9864,2013-09-20 00:00:00,45,,36,Organised,72,69,50,Organised,64,58,42,Cover
793,573,9864,2014-09-19 00:00:00,45,42.0,36,Organised,69,69,50,Organised,64,58,42,Cover
794,573,9864,2015-09-10 00:00:00,42,51.0,36,Organised,41,40,50,Organised,47,37,52,Offside Trap
795,453,8661,2010-02-22 00:00:00,40,,40,Organised,50,40,50,Free Form,45,40,45,Offside Trap
796,453,8661,2011-02-22 00:00:00,53,,52,Organised,55,52,53,Free Form,47,48,55,Cover
797,453,8661,2012-02-22 00:00:00,58,,57,Organised,53,57,53,Organised,59,41,56,Cover
798,453,8661,2013-09-20 00:00:00,62,,57,Organised,53,57,53,Organised,59,41,56,Cover
799,453,8661,2014-09-19 00:00:00,62,53.0,57,Organised,53,57,53,Organised,59,41,56,Cover
800,453,8661,2015-09-10 00:00:00,62,53.0,57,Organised,53,57,53,Organised,59,41,56,Cover
801,10,8456,2010-02-22 00:00:00,70,,60,Organised,55,70,70,Organised,45,55,45,Cover
802,10,8456,2011-02-22 00:00:00,70,,60,Organised,70,65,75,Free Form,65,65,50,Cover
803,10,8456,2012-02-22 00:00:00,45,,55,Organised,40,38,48,Free Form,50,60,54,Cover
804,10,8456,2013-09-20 00:00:00,36,,34,Organised,39,44,38,Free Form,42,44,54,Cover
805,10,8456,2014-09-19 00:00:00,59,35.0,29,Organised,32,49,62,Organised,42,44,54,Cover
806,10,8456,2015-09-10 00:00:00,59,35.0,29,Free Form,38,36,24,Free Form,48,47,54,Cover
807,11,10260,2010-02-22 00:00:00,70,,45,Organised,45,70,65,Free Form,40,50,40,Cover
808,11,10260,2011-02-22 00:00:00,65,,40,Organised,65,65,70,Free Form,45,45,65,Cover
809,11,10260,2012-02-22 00:00:00,46,,54,Organised,46,60,55,Organised,40,50,56,Cover
810,11,10260,2013-09-20 00:00:00,46,,38,Organised,46,68,37,Organised,49,49,56,Cover
811,11,10260,2014-09-19 00:00:00,46,34.0,54,Organised,49,72,56,Organised,42,41,56,Cover
812,11,10260,2015-09-10 00:00:00,38,42.0,44,Organised,49,44,40,Organised,54,53,56,Cover
813,1893,10212,2010-02-22 00:00:00,30,,30,Organised,55,50,65,Organised,30,30,30,Offside Trap
814,1893,10212,2011-02-22 00:00:00,30,,30,Organised,55,60,50,Organised,49,45,50,Offside Trap
815,1893,10212,2012-02-22 00:00:00,38,,44,Organised,54,76,55,Organised,38,49,46,Cover
816,1893,10212,2013-09-20 00:00:00,38,,44,Organised,54,76,55,Organised,38,49,46,Cover
817,1893,10212,2014-09-19 00:00:00,67,49.0,66,Free Form,67,64,55,Organised,37,45,44,Cover
818,1893,10212,2015-09-10 00:00:00,61,49.0,66,Organised,67,64,55,Organised,38,49,46,Cover
819,219,8592,2010-02-22 00:00:00,55,,45,Organised,70,65,70,Free Form,65,70,65,Offside Trap
820,219,8592,2011-02-22 00:00:00,65,,35,Organised,65,65,80,Free Form,55,55,65,Cover
821,219,8592,2012-02-22 00:00:00,48,,50,Organised,49,51,48,Organised,44,48,51,Cover
822,219,8592,2013-09-20 00:00:00,48,,50,Organised,49,77,64,Organised,44,48,54,Cover
823,219,8592,2014-09-19 00:00:00,51,62.0,50,Organised,49,69,68,Organised,48,48,60,Cover
824,219,8592,2015-09-10 00:00:00,51,77.0,41,Organised,49,69,31,Organised,48,48,60,Cover
825,68,8550,2010-02-22 00:00:00,50,,30,Organised,50,60,65,Organised,30,50,30,Offside Trap
826,68,8550,2011-02-22 00:00:00,65,,65,Organised,35,65,50,Organised,35,35,65,Cover
827,68,8550,2012-02-22 00:00:00,50,,49,Organised,49,54,53,Organised,46,47,50,Cover
828,68,8550,2014-09-19 00:00:00,55,42.0,49,Organised,49,54,53,Organised,46,54,50,Cover
829,68,8550,2015-09-10 00:00:00,55,48.0,49,Organised,46,54,53,Organised,39,46,42,Cover
830,12,8549,2010-02-22 00:00:00,70,,70,Organised,70,70,50,Organised,30,70,30,Cover
831,12,8549,2011-02-22 00:00:00,66,,51,Organised,64,64,48,Organised,54,44,49,Cover
832,12,8549,2012-02-22 00:00:00,60,,72,Organised,40,56,72,Organised,38,42,42,Cover
833,12,8549,2013-09-20 00:00:00,60,,40,Organised,40,56,57,Organised,38,42,52,Cover
834,12,8549,2014-09-19 00:00:00,60,28.0,56,Organised,49,56,72,Organised,38,42,42,Cover
835,12,8549,2015-09-10 00:00:00,60,32.0,46,Organised,43,55,37,Organised,38,42,42,Cover
836,69,9829,2010-02-22 00:00:00,35,,55,Organised,65,55,45,Organised,70,65,70,Cover
837,69,9829,2011-02-22 00:00:00,65,,50,Organised,65,35,50,Organised,35,55,50,Cover
838,69,9829,2012-02-22 00:00:00,52,,48,Organised,37,37,37,Organised,35,34,51,Cover
839,69,9829,2013-09-20 00:00:00,52,,48,Organised,37,37,37,Organised,35,34,51,Cover
840,69,9829,2014-09-19 00:00:00,52,68.0,48,Organised,37,37,37,Organised,35,34,51,Cover
841,69,9829,2015-09-10 00:00:00,52,42.0,43,Organised,54,56,23,Organised,56,62,51,Cover
842,1747,9998,2012-02-22 00:00:00,50,,50,Organised,55,48,46,Organised,46,45,47,Cover
843,1747,9998,2013-09-20 00:00:00,50,,50,Organised,55,67,46,Organised,46,45,47,Cover
844,1747,9998,2014-09-19 00:00:00,55,50.0,55,Organised,55,67,46,Organised,46,45,47,Cover
845,70,10249,2010-02-22 00:00:00,35,,35,Organised,55,35,70,Organised,70,70,70,Offside Trap
846,70,10249,2011-02-22 00:00:00,50,,50,Organised,35,50,50,Organised,35,55,65,Cover
847,70,10249,2012-02-22 00:00:00,52,,47,Organised,48,49,52,Organised,34,43,37,Cover
848,70,10249,2013-09-20 00:00:00,52,,47,Organised,48,49,52,Organised,34,43,37,Cover
849,70,10249,2014-09-19 00:00:00,52,58.0,47,Organised,48,49,52,Organised,53,56,48,Cover
850,70,10249,2015-09-10 00:00:00,54,43.0,65,Organised,48,49,45,Organised,53,56,48,Cover
851,1900,8348,2013-09-20 00:00:00,38,,43,Organised,51,54,39,Organised,44,46,48,Cover
852,1900,8348,2015-09-10 00:00:00,38,58.0,43,Organised,51,54,39,Organised,44,46,48,Cover
853,83,9927,2010-02-22 00:00:00,70,,70,Organised,70,70,65,Organised,60,70,70,Cover
854,83,9927,2011-02-22 00:00:00,48,,49,Organised,52,52,48,Organised,47,46,48,Cover
855,83,9927,2012-02-22 00:00:00,70,,55,Organised,40,46,60,Organised,38,42,62,Cover
856,83,9927,2013-09-20 00:00:00,67,,54,Organised,49,47,58,Organised,39,43,64,Cover
857,83,9927,2014-09-19 00:00:00,70,47.0,55,Organised,42,47,60,Organised,41,43,62,Cover
858,83,9927,2015-09-10 00:00:00,64,46.0,55,Organised,44,45,27,Organised,37,44,51,Cover
859,111560,274581,2015-09-10 00:00:00,50,50.0,50,Organised,50,50,50,Organised,45,45,50,Cover
860,111560,9996,2015-09-10 00:00:00,50,50.0,50,Organised,50,50,50,Organised,45,45,50,Cover
861,111560,9996,2015-09-10 00:00:00,50,50.0,50,Organised,50,50,50,Organised,45,45,50,Cover
862,1904,9761,2010-02-22 00:00:00,30,,35,Organised,35,40,60,Organised,30,30,30,Cover
863,1904,9761,2011-02-22 00:00:00,33,,44,Free Form,35,40,60,Organised,42,47,54,Cover
864,1904,9761,2012-02-22 00:00:00,40,,48,Organised,48,47,42,Organised,43,48,50,Cover
865,1904,9761,2013-09-20 00:00:00,58,,53,Organised,48,47,46,Organised,43,48,50,Cover
866,1904,9761,2014-09-19 00:00:00,46,44.0,54,Organised,32,42,42,Organised,43,39,50,Cover
867,1904,9761,2015-09-10 00:00:00,45,49.0,59,Organised,32,42,54,Organised,36,39,40,Cover
868,1891,10214,2010-02-22 00:00:00,45,,30,Organised,60,55,50,Organised,30,30,30,Offside Trap
869,1891,10214,2011-02-22 00:00:00,47,,30,Organised,60,55,50,Organised,35,55,48,Cover
870,1891,10214,2012-02-22 00:00:00,41,,43,Organised,53,59,53,Organised,49,50,57,Cover
871,1891,10214,2013-09-20 00:00:00,41,,43,Organised,53,59,53,Organised,49,50,57,Cover
872,1891,10214,2014-09-19 00:00:00,41,59.0,43,Organised,53,44,53,Organised,42,42,57,Cover
873,1891,10214,2015-09-10 00:00:00,65,59.0,43,Organised,53,44,53,Organised,42,42,57,Cover
874,1823,8481,2010-02-22 00:00:00,65,,40,Organised,60,70,30,Organised,70,70,70,Cover
875,1823,8481,2011-02-22 00:00:00,35,,35,Organised,35,65,35,Organised,35,55,50,Cover
876,1823,8481,2012-02-22 00:00:00,49,,49,Organised,52,53,67,Organised,43,46,50,Cover
877,1823,8481,2013-09-20 00:00:00,49,,49,Organised,52,53,67,Organised,43,46,50,Cover
878,1823,8481,2014-09-19 00:00:00,49,48.0,49,Organised,52,53,67,Organised,43,46,50,Cover
879,1823,8481,2015-09-10 00:00:00,49,48.0,49,Organised,52,53,67,Organised,43,46,50,Cover
880,71,9830,2010-02-22 00:00:00,55,,35,Organised,60,65,35,Organised,30,45,30,Cover
881,71,9830,2011-02-22 00:00:00,50,,50,Organised,35,50,35,Organised,45,55,50,Cover
882,71,9830,2012-02-22 00:00:00,46,,51,Organised,52,34,49,Organised,47,43,50,Cover
883,71,9830,2013-09-20 00:00:00,46,,51,Organised,52,44,49,Organised,47,51,54,Cover
884,71,9830,2014-09-19 00:00:00,63,53.0,48,Organised,52,55,49,Organised,47,51,54,Cover
885,71,9830,2015-09-10 00:00:00,63,70.0,56,Organised,52,55,46,Organised,39,41,52,Cover
886,100737,9809,2010-02-22 00:00:00,30,,30,Organised,45,50,70,Organised,30,30,30,Cover
887,100737,9809,2011-02-22 00:00:00,50,,65,Organised,35,50,50,Organised,45,41,35,Offside Trap
888,1910,8464,2010-02-22 00:00:00,32,,30,Organised,35,40,60,Organised,30,30,30,Cover
889,1910,8464,2011-02-22 00:00:00,47,,46,Free Form,48,78,32,Organised,33,54,31,Cover
890,1910,8464,2012-02-22 00:00:00,46,,38,Organised,39,55,50,Organised,45,48,53,Cover
891,1910,8464,2013-09-20 00:00:00,46,,41,Organised,52,37,57,Organised,45,48,53,Cover
892,1910,8464,2014-09-19 00:00:00,49,42.0,59,Organised,52,49,55,Organised,40,48,53,Cover
893,13,10261,2010-02-22 00:00:00,70,,60,Organised,65,70,60,Organised,45,65,45,Cover
894,13,10261,2011-02-22 00:00:00,55,,50,Organised,60,50,60,Organised,45,45,50,Cover
895,13,10261,2012-02-22 00:00:00,54,,54,Organised,54,68,48,Organised,52,48,42,Cover
896,13,10261,2013-09-20 00:00:00,58,,72,Organised,48,51,46,Organised,41,39,51,Cover
897,13,10261,2014-09-19 00:00:00,54,33.0,47,Organised,47,51,39,Organised,56,54,51,Cover
898,13,10261,2015-09-10 00:00:00,58,45.0,49,Organised,47,54,46,Organised,41,39,51,Cover
899,72,9831,2010-02-22 00:00:00,70,,70,Organised,60,30,65,Organised,70,70,70,Cover
900,72,9831,2011-02-22 00:00:00,50,,50,Organised,50,50,65,Organised,45,45,35,Cover
901,72,9831,2012-02-22 00:00:00,48,,66,Organised,49,51,34,Organised,26,47,64,Cover
902,72,9831,2013-09-20 00:00:00,48,,66,Organised,49,66,34,Organised,56,47,64,Cover
903,72,9831,2014-09-19 00:00:00,48,61.0,66,Organised,49,66,34,Organised,56,47,64,Cover
904,72,9831,2015-09-10 00:00:00,48,55.0,53,Organised,49,66,38,Organised,57,47,61,Cover
905,1792,9850,2010-02-22 00:00:00,65,,70,Organised,70,70,55,Organised,60,70,70,Cover
906,1792,9850,2011-02-22 00:00:00,49,,52,Organised,48,64,66,Organised,34,54,48,Cover
907,1792,9850,2012-02-22 00:00:00,63,,61,Organised,42,76,62,Organised,40,50,42,Cover
908,1792,9850,2013-09-20 00:00:00,70,,70,Organised,56,67,48,Organised,40,43,53,Cover
909,1792,9850,2014-09-19 00:00:00,45,28.0,64,Organised,55,67,42,Organised,40,43,51,Cover
910,1792,9850,2015-09-10 00:00:00,45,38.0,55,Organised,46,54,47,Organised,38,39,51,Cover
911,112225,6269,2011-02-22 00:00:00,53,,35,Organised,50,64,49,Organised,60,51,40,Offside Trap
912,112225,6269,2012-02-22 00:00:00,55,,50,Organised,50,50,50,Organised,35,45,50,Cover
913,112225,6269,2013-09-20 00:00:00,66,,62,Organised,56,55,61,Organised,36,49,62,Cover
914,112225,6269,2014-09-19 00:00:00,66,57.0,56,Organised,56,55,57,Organised,36,49,53,Cover
915,171,8165,2010-02-22 00:00:00,45,,50,Organised,40,70,70,Organised,55,55,40,Cover
916,171,8165,2011-02-22 00:00:00,45,,50,Organised,47,45,56,Organised,55,61,46,Cover
917,171,8165,2012-02-22 00:00:00,44,,49,Organised,51,49,48,Organised,30,40,43,Cover
918,171,8165,2013-09-20 00:00:00,46,,49,Organised,56,54,67,Organised,39,57,44,Cover
919,171,8165,2014-09-19 00:00:00,46,62.0,38,Organised,58,48,55,Organised,51,50,47,Cover
920,171,8165,2015-09-10 00:00:00,46,58.0,49,Organised,51,52,59,Organised,30,40,44,Cover
921,477,8388,2010-02-22 00:00:00,55,,40,Organised,50,55,55,Organised,30,55,55,Offside Trap
922,477,8388,2011-02-22 00:00:00,71,,53,Organised,38,53,53,Organised,40,49,55,Cover
923,477,8388,2012-02-22 00:00:00,44,,45,Organised,54,41,57,Organised,50,46,62,Cover
924,477,8388,2013-09-20 00:00:00,44,,45,Organised,54,41,57,Organised,50,46,62,Cover
925,477,8388,2014-09-19 00:00:00,44,48.0,45,Organised,54,41,57,Organised,50,46,62,Cover
926,477,8388,2015-09-10 00:00:00,44,48.0,45,Organised,54,41,57,Organised,50,46,62,Cover
927,1564,8242,2010-02-22 00:00:00,30,,45,Organised,45,40,70,Organised,70,70,65,Cover
928,111540,2033,2010-02-22 00:00:00,45,,55,Organised,50,60,45,Free Form,50,45,60,Cover
929,111540,2033,2011-02-22 00:00:00,65,,55,Organised,50,50,65,Free Form,50,45,35,Cover
930,111540,2033,2012-02-22 00:00:00,45,,40,Organised,53,37,44,Organised,37,24,44,Cover
931,111540,2033,2013-09-20 00:00:00,45,,52,Organised,53,37,43,Free Form,37,31,44,Cover
932,111540,2033,2014-09-19 00:00:00,45,62.0,40,Organised,53,37,44,Organised,37,24,44,Cover
933,682,8573,2014-09-19 00:00:00,52,49.0,54,Organised,45,42,53,Organised,42,47,44,Cover
934,682,8573,2015-09-10 00:00:00,52,49.0,54,Organised,45,42,53,Organised,42,47,44,Cover
935,479,8371,2010-02-22 00:00:00,35,,35,Organised,45,65,55,Free Form,30,65,55,Cover
936,479,8371,2011-02-22 00:00:00,55,,54,Organised,56,69,68,Free Form,48,61,68,Cover
937,479,8371,2012-02-22 00:00:00,34,,52,Organised,55,59,54,Organised,47,52,69,Cover
938,479,8371,2013-09-20 00:00:00,38,,52,Organised,55,59,54,Organised,47,52,69,Cover
939,479,8371,2014-09-19 00:00:00,38,53.0,52,Organised,55,59,54,Organised,47,52,65,Cover
940,479,8371,2015-09-10 00:00:00,38,53.0,52,Organised,55,59,54,Organised,47,52,69,Cover
941,100087,1773,2012-02-22 00:00:00,52,,50,Organised,50,53,54,Organised,43,44,50,Cover
942,100087,1773,2013-09-20 00:00:00,52,,50,Organised,50,53,54,Organised,43,44,50,Cover
943,100087,1773,2014-09-19 00:00:00,52,51.0,50,Organised,50,53,54,Organised,43,44,50,Cover
944,1892,6403,2010-02-22 00:00:00,30,,30,Organised,50,60,60,Organised,30,30,30,Offside Trap
945,1892,6403,2011-02-22 00:00:00,50,,50,Organised,50,49,49,Organised,45,55,50,Offside Trap
946,1892,6403,2012-02-22 00:00:00,38,,39,Organised,52,53,52,Organised,36,39,68,Cover
947,1892,6403,2013-09-20 00:00:00,50,,39,Organised,52,53,52,Organised,36,39,64,Cover
948,1892,6403,2014-09-19 00:00:00,38,40.0,39,Organised,52,53,52,Organised,36,39,64,Cover
949,1892,6403,2015-09-10 00:00:00,63,40.0,39,Organised,64,53,52,Organised,36,39,64,Cover
950,10030,8460,2010-02-22 00:00:00,70,,49,Organised,50,34,55,Organised,30,48,30,Cover
951,10030,8460,2011-02-22 00:00:00,52,,48,Organised,49,37,55,Organised,36,48,40,Cover
952,10030,8460,2012-02-22 00:00:00,67,,59,Organised,52,48,68,Organised,33,52,53,Cover
953,10030,8460,2013-09-20 00:00:00,67,,59,Organised,52,48,68,Organised,40,52,53,Cover
954,10030,8460,2014-09-19 00:00:00,73,46.0,55,Organised,52,48,63,Organised,33,55,53,Cover
955,10030,8460,2015-09-10 00:00:00,67,46.0,62,Organised,56,48,56,Organised,25,29,54,Cover
956,1843,8540,2010-02-22 00:00:00,63,,50,Organised,30,30,70,Organised,45,40,60,Cover
957,1843,8540,2011-02-22 00:00:00,65,,35,Free Form,50,65,50,Organised,35,45,50,Cover
958,1843,8540,2012-02-22 00:00:00,60,,40,Organised,50,35,65,Organised,45,45,50,Cover
959,1843,8540,2013-09-20 00:00:00,66,,37,Free Form,56,34,63,Free Form,43,42,48,Cover
960,1843,8540,2014-09-19 00:00:00,66,55.0,37,Organised,56,34,63,Organised,43,42,48,Cover
961,1843,8540,2015-09-10 00:00:00,66,66.0,36,Organised,60,34,64,Organised,44,58,50,Cover
962,73,9847,2010-02-22 00:00:00,50,,65,Organised,40,65,55,Organised,70,70,70,Offside Trap
963,73,9847,2011-02-22 00:00:00,35,,35,Organised,35,35,50,Organised,45,55,65,Cover
964,73,9847,2012-02-22 00:00:00,49,,41,Organised,62,52,60,Organised,49,46,52,Cover
965,73,9847,2013-09-20 00:00:00,49,,41,Organised,62,52,60,Organised,49,46,52,Cover
966,73,9847,2014-09-19 00:00:00,49,70.0,55,Organised,62,61,68,Organised,57,53,56,Cover
967,73,9847,2015-09-10 00:00:00,49,47.0,34,Organised,62,61,35,Organised,57,53,56,Cover
968,50,10167,2010-02-22 00:00:00,30,,30,Free Form,40,60,70,Free Form,45,30,70,Offside Trap
969,50,10167,2011-02-22 00:00:00,50,,30,Organised,48,55,65,Organised,45,47,50,Cover
970,50,10167,2012-02-22 00:00:00,45,,35,Organised,50,65,50,Organised,45,45,50,Offside Trap
971,50,10167,2013-09-20 00:00:00,48,,33,Organised,46,62,45,Organised,39,43,46,Cover
972,50,10167,2014-09-19 00:00:00,48,71.0,33,Organised,69,62,45,Organised,54,66,46,Offside Trap
973,50,10167,2015-09-10 00:00:00,48,66.0,33,Organised,69,62,45,Organised,43,43,46,Cover
974,1754,8426,2014-09-19 00:00:00,48,50.0,37,Organised,49,50,52,Organised,47,44,52,Cover
975,1754,8426,2015-09-10 00:00:00,48,48.0,47,Organised,47,53,60,Organised,46,46,49,Cover
976,1914,6413,2013-09-20 00:00:00,47,,49,Organised,50,50,54,Organised,46,44,51,Cover
977,1914,6413,2014-09-19 00:00:00,57,41.0,39,Organised,57,50,54,Organised,58,60,63,Cover
978,1914,6413,2015-09-10 00:00:00,45,35.0,56,Organised,57,50,58,Organised,58,60,63,Cover
979,100741,6547,2015-09-10 00:00:00,54,54.0,39,Organised,52,56,38,Organised,40,35,46,Cover
980,200,9878,2011-02-22 00:00:00,50,,60,Organised,35,50,35,Organised,35,60,50,Cover
981,200,9878,2012-02-22 00:00:00,65,,65,Organised,65,50,65,Organised,45,45,35,Cover
982,200,9878,2013-09-20 00:00:00,55,,40,Organised,58,47,36,Free Form,44,48,48,Cover
983,200,9878,2014-09-19 00:00:00,64,52.0,36,Organised,51,64,54,Organised,26,46,48,Cover
984,200,9878,2015-09-10 00:00:00,64,31.0,53,Organised,41,49,41,Organised,39,46,43,Cover
985,111086,8028,2010-02-22 00:00:00,30,,45,Organised,45,35,70,Organised,65,70,60,Cover
986,111086,8028,2013-09-20 00:00:00,30,,46,Organised,48,37,39,Organised,32,45,48,Cover
987,111086,8028,2014-09-19 00:00:00,64,52.0,67,Organised,64,66,39,Organised,36,45,48,Cover
988,111086,8028,2015-09-10 00:00:00,64,52.0,67,Organised,64,66,39,Organised,36,45,48,Cover
989,111087,8033,2012-02-22 00:00:00,54,,51,Organised,48,47,42,Organised,47,57,48,Cover
990,111087,8033,2013-09-20 00:00:00,54,,51,Organised,48,47,42,Organised,47,57,48,Cover
991,111087,8033,2014-09-19 00:00:00,72,55.0,66,Organised,66,51,49,Organised,29,35,38,Cover
992,111087,8033,2015-09-10 00:00:00,68,55.0,66,Organised,66,51,49,Organised,29,35,38,Cover
993,110746,8023,2013-09-20 00:00:00,67,,54,Organised,56,62,67,Organised,47,47,63,Cover
994,110746,8023,2014-09-19 00:00:00,50,48.0,36,Free Form,52,36,52,Organised,50,60,47,Cover
995,110746,8023,2015-09-10 00:00:00,50,33.0,36,Organised,52,40,52,Organised,57,54,47,Cover
996,111429,8031,2010-02-22 00:00:00,30,,50,Organised,45,35,70,Organised,60,70,55,Cover
997,111429,8031,2011-02-22 00:00:00,46,,38,Organised,36,33,53,Organised,53,54,55,Cover
998,1570,2183,2010-02-22 00:00:00,30,,40,Organised,45,40,70,Organised,55,65,55,Cover
999,1570,2183,2011-02-22 00:00:00,33,,47,Organised,69,40,53,Organised,55,34,51,Cover
1000,1570,2183,2012-02-22 00:00:00,34,,45,Organised,39,67,74,Organised,31,32,50,Cover
1001,1570,2183,2013-09-20 00:00:00,34,,45,Organised,39,52,40,Organised,57,32,50,Cover
1002,1790,8462,2010-02-22 00:00:00,70,,70,Organised,70,70,55,Organised,40,70,40,Cover
1003,1790,8462,2011-02-22 00:00:00,36,,48,Organised,48,66,51,Organised,36,44,48,Cover
1004,1790,8462,2012-02-22 00:00:00,64,,59,Organised,40,42,56,Organised,49,51,44,Cover
1005,1790,8462,2013-09-20 00:00:00,68,,62,Organised,40,47,56,Organised,49,51,44,Cover
1006,1790,8462,2014-09-19 00:00:00,59,32.0,57,Organised,49,47,53,Organised,39,40,44,Cover
1007,1790,8462,2015-09-10 00:00:00,59,32.0,57,Organised,49,47,53,Organised,39,40,44,Cover
1008,247,8640,2010-02-22 00:00:00,30,,30,Organised,33,52,70,Organised,30,30,30,Cover
1009,247,8640,2011-02-22 00:00:00,63,,30,Organised,67,65,68,Free Form,57,37,64,Offside Trap
1010,247,8640,2012-02-22 00:00:00,33,,42,Organised,40,55,48,Organised,43,30,48,Cover
1011,247,8640,2013-09-20 00:00:00,54,,45,Organised,55,58,55,Organised,43,50,48,Cover
1012,247,8640,2014-09-19 00:00:00,67,35.0,40,Organised,53,53,55,Organised,50,62,55,Cover
1013,247,8640,2015-09-10 00:00:00,67,43.0,43,Organised,53,44,28,Organised,40,40,48,Cover
1014,15,10172,2010-02-22 00:00:00,70,,70,Organised,70,70,70,Organised,70,70,70,Cover
1015,15,10172,2011-02-22 00:00:00,51,,49,Organised,36,48,52,Organised,44,43,40,Cover
1016,15,10172,2012-02-22 00:00:00,57,,58,Organised,60,48,48,Organised,42,51,44,Cover
1017,15,10172,2013-09-20 00:00:00,58,,54,Organised,53,39,54,Organised,49,47,44,Cover
1018,15,10172,2014-09-19 00:00:00,52,36.0,53,Organised,53,54,54,Organised,50,44,54,Cover
1019,15,10172,2015-09-10 00:00:00,30,39.0,61,Organised,53,53,60,Organised,50,44,54,Cover
1020,456,8696,2010-02-22 00:00:00,45,,55,Organised,70,70,65,Free Form,45,55,50,Cover
1021,456,8696,2011-02-22 00:00:00,53,,56,Organised,73,72,39,Organised,47,37,53,Cover
1022,456,8696,2012-02-22 00:00:00,43,,44,Organised,61,71,50,Organised,50,50,68,Cover
1023,456,8696,2013-09-20 00:00:00,47,,44,Organised,61,71,50,Organised,50,50,68,Cover
1024,456,8696,2015-09-10 00:00:00,48,52.0,47,Organised,53,53,53,Organised,51,47,53,Cover
1025,86,8548,2010-02-22 00:00:00,65,,50,Organised,70,70,70,Organised,60,70,70,Cover
1026,86,8548,2011-02-22 00:00:00,51,,33,Organised,48,67,79,Organised,46,47,51,Cover
1027,86,8548,2012-02-22 00:00:00,45,,45,Organised,38,62,60,Organised,48,48,62,Cover
1028,86,8548,2013-09-20 00:00:00,55,,45,Organised,38,52,60,Organised,48,48,52,Cover
1029,86,8548,2014-09-19 00:00:00,45,49.0,45,Organised,38,62,60,Organised,48,48,62,Cover
1030,86,8548,2015-09-10 00:00:00,45,53.0,55,Organised,38,62,53,Organised,48,48,55,Cover
1031,480,8370,2010-02-22 00:00:00,40,,30,Organised,35,50,70,Organised,30,50,40,Offside Trap
1032,480,8370,2011-02-22 00:00:00,53,,55,Organised,44,56,61,Organised,58,52,68,Cover
1033,480,8370,2012-02-22 00:00:00,41,,44,Organised,44,44,47,Organised,63,51,59,Cover
1034,480,8370,2013-09-20 00:00:00,45,,44,Free Form,44,44,47,Organised,63,51,59,Cover
1035,480,8370,2014-09-19 00:00:00,45,52.0,44,Organised,44,44,47,Organised,63,51,59,Cover
1036,480,8370,2015-09-10 00:00:00,29,52.0,44,Organised,44,44,47,Organised,54,52,63,Cover
1037,1793,9798,2010-02-22 00:00:00,70,,70,Organised,70,70,70,Organised,70,60,70,Cover
1038,1793,9798,2011-02-22 00:00:00,49,,36,Organised,57,73,55,Organised,49,31,67,Cover
1039,1793,9798,2012-02-22 00:00:00,49,,49,Organised,46,58,56,Organised,49,51,45,Cover
1040,1793,9798,2013-09-20 00:00:00,49,,61,Organised,55,58,37,Organised,39,44,52,Cover
1041,1793,9798,2014-09-19 00:00:00,44,26.0,72,Organised,71,39,37,Organised,58,52,52,Cover
1042,1793,9798,2015-09-10 00:00:00,44,36.0,64,Organised,62,65,42,Organised,51,47,52,Cover
1043,449,8603,2010-02-22 00:00:00,45,,45,Organised,30,50,55,Free Form,50,45,55,Offside Trap
1044,449,8603,2011-02-22 00:00:00,37,,51,Organised,68,66,72,Free Form,42,40,53,Cover
1045,449,8603,2012-02-22 00:00:00,55,,37,Organised,59,43,53,Organised,58,49,58,Cover
1046,449,8603,2013-09-20 00:00:00,59,,37,Organised,59,43,53,Organised,58,49,58,Cover
1047,449,8603,2014-09-19 00:00:00,59,49.0,37,Organised,59,43,53,Organised,58,49,58,Cover
1048,449,8603,2015-09-10 00:00:00,59,49.0,37,Organised,59,43,53,Organised,58,49,58,Cover
1049,243,8633,2010-02-22 00:00:00,55,,30,Free Form,70,60,70,Free Form,65,40,65,Offside Trap
1050,243,8633,2011-02-22 00:00:00,54,,39,Free Form,67,60,67,Free Form,68,55,55,Cover
1051,243,8633,2012-02-22 00:00:00,45,,35,Free Form,71,54,73,Free Form,49,60,68,Cover
1052,243,8633,2013-09-20 00:00:00,50,,41,Organised,68,54,72,Free Form,39,49,65,Cover
1053,243,8633,2014-09-19 00:00:00,50,54.0,41,Organised,68,54,69,Free Form,39,49,65,Cover
1054,243,8633,2015-09-10 00:00:00,50,57.0,46,Free Form,61,41,63,Free Form,52,60,63,Cover
1055,457,8560,2010-02-22 00:00:00,40,,30,Free Form,50,40,70,Organised,45,30,35,Offside Trap
1056,457,8560,2011-02-22 00:00:00,54,,43,Organised,54,51,60,Organised,49,49,51,Cover
1057,457,8560,2012-02-22 00:00:00,24,,36,Organised,60,52,59,Organised,48,53,70,Cover
1058,457,8560,2013-09-20 00:00:00,28,,36,Organised,60,52,59,Organised,48,53,70,Cover
1059,457,8560,2014-09-19 00:00:00,35,52.0,36,Organised,60,52,59,Organised,48,53,65,Cover
1060,457,8560,2015-09-10 00:00:00,60,52.0,50,Organised,54,60,52,Organised,49,53,53,Cover
1061,571,8479,2010-02-22 00:00:00,50,,40,Organised,40,40,50,Organised,35,55,40,Cover
1062,571,8479,2011-02-22 00:00:00,45,,58,Organised,41,42,52,Organised,39,39,66,Cover
1063,571,8479,2012-02-22 00:00:00,41,,54,Organised,67,50,23,Organised,40,49,62,Cover
1064,571,8479,2013-09-20 00:00:00,41,,54,Organised,45,50,23,Organised,40,49,62,Cover
1065,571,8479,2014-09-19 00:00:00,41,53.0,54,Organised,45,50,35,Organised,40,49,62,Cover
1066,571,8479,2015-09-10 00:00:00,37,38.0,43,Organised,30,42,37,Organised,40,49,54,Cover
1067,203,8690,2010-02-22 00:00:00,55,,30,Organised,30,30,70,Organised,40,50,50,Cover
1068,203,8690,2011-02-22 00:00:00,55,,30,Organised,30,30,49,Organised,40,50,50,Cover
1069,203,8690,2012-02-22 00:00:00,50,,50,Organised,50,65,50,Organised,35,45,50,Cover
1070,203,8690,2013-09-20 00:00:00,52,,56,Organised,57,74,55,Organised,38,48,52,Cover
1071,203,8690,2014-09-19 00:00:00,52,55.0,56,Organised,57,74,53,Organised,38,48,52,Cover
1072,379,9837,2011-02-22 00:00:00,35,,50,Organised,65,50,50,Organised,45,45,50,Cover
1073,379,9837,2012-02-22 00:00:00,61,,48,Organised,48,52,50,Organised,33,44,50,Cover
1074,379,9837,2013-09-20 00:00:00,61,,48,Organised,48,52,50,Organised,33,44,50,Cover
1075,379,9837,2014-09-19 00:00:00,48,58.0,48,Organised,48,52,50,Organised,33,44,50,Cover
1076,379,9837,2015-09-10 00:00:00,48,37.0,49,Organised,48,52,58,Organised,33,44,50,Cover
1077,74,9851,2010-02-22 00:00:00,50,,45,Organised,70,60,60,Organised,70,70,70,Cover
1078,74,9851,2011-02-22 00:00:00,65,,35,Organised,65,65,65,Organised,55,45,65,Cover
1079,74,9851,2012-02-22 00:00:00,64,,41,Organised,49,52,64,Organised,46,44,51,Cover
1080,74,9851,2013-09-20 00:00:00,64,,41,Organised,49,52,64,Organised,46,44,51,Cover
1081,74,9851,2014-09-19 00:00:00,64,62.0,41,Organised,49,52,64,Organised,46,44,51,Cover
1082,74,9851,2015-09-10 00:00:00,64,62.0,41,Organised,49,52,64,Organised,46,44,51,Cover
1083,744,7841,2010-02-22 00:00:00,30,,30,Organised,45,55,60,Organised,30,30,30,Offside Trap
1084,744,7841,2011-02-22 00:00:00,50,,50,Organised,65,65,50,Organised,45,45,50,Offside Trap
1085,744,7841,2012-02-22 00:00:00,36,,38,Organised,60,54,54,Organised,39,50,42,Cover
1086,744,7841,2013-09-20 00:00:00,36,,38,Organised,60,54,54,Organised,39,50,42,Cover
1087,744,7841,2014-09-19 00:00:00,66,47.0,44,Organised,58,65,54,Organised,39,48,66,Cover
1088,744,7841,2015-09-10 00:00:00,66,47.0,44,Organised,58,65,54,Organised,39,48,66,Cover
1089,1905,10219,2010-02-22 00:00:00,30,,50,Organised,35,60,55,Organised,50,45,55,Cover
1090,1905,10219,2012-02-22 00:00:00,47,,48,Organised,42,38,55,Organised,41,41,43,Cover
1091,1905,10219,2013-09-20 00:00:00,47,,48,Organised,66,38,55,Organised,29,28,36,Cover
1092,1905,10219,2014-09-19 00:00:00,57,30.0,55,Organised,42,36,55,Organised,31,30,38,Cover
1093,1838,8551,2010-02-22 00:00:00,35,,30,Organised,30,30,55,Organised,40,65,55,Offside Trap
1094,1838,8551,2011-02-22 00:00:00,50,,50,Organised,50,65,55,Organised,40,45,55,Offside Trap
1095,1838,8551,2012-02-22 00:00:00,45,,50,Organised,50,50,50,Organised,45,45,50,Cover
1096,1838,8551,2013-09-20 00:00:00,47,,48,Organised,54,56,52,Free Form,37,49,51,Cover
1097,1838,8551,2014-09-19 00:00:00,47,49.0,48,Organised,64,67,52,Organised,44,49,51,Cover
1098,1902,9803,2010-02-22 00:00:00,30,,35,Organised,35,50,70,Organised,30,30,30,Cover
1099,1902,9803,2011-02-22 00:00:00,65,,51,Organised,33,38,53,Organised,48,57,34,Offside Trap
1100,1902,9803,2012-02-22 00:00:00,55,,52,Organised,62,43,54,Organised,47,44,50,Cover
1101,1902,9803,2013-09-20 00:00:00,42,,44,Organised,49,40,38,Organised,47,44,55,Cover
1102,1902,9803,2014-09-19 00:00:00,43,46.0,44,Organised,59,45,42,Organised,39,37,42,Cover
1103,546,9999,2010-02-22 00:00:00,65,,60,Organised,50,35,40,Organised,65,70,70,Cover
1104,52,8686,2010-02-22 00:00:00,70,,30,Free Form,60,60,70,Free Form,55,30,70,Offside Trap
1105,52,8686,2011-02-22 00:00:00,64,,30,Organised,67,50,65,Free Form,46,47,50,Offside Trap
1106,52,8686,2012-02-22 00:00:00,60,,40,Free Form,65,35,50,Free Form,35,45,50,Offside Trap
1107,52,8686,2013-09-20 00:00:00,53,,55,Organised,77,75,56,Free Form,49,47,53,Offside Trap
1108,52,8686,2014-09-19 00:00:00,67,48.0,38,Organised,73,64,56,Free Form,36,57,34,Cover
1109,52,8686,2015-09-10 00:00:00,68,27.0,47,Organised,71,54,66,Free Form,36,57,48,Cover
1110,631,8649,2013-09-20 00:00:00,35,,62,Organised,50,36,50,Organised,40,56,47,Cover
1111,631,8649,2014-09-19 00:00:00,34,50.0,34,Organised,44,38,38,Organised,39,51,44,Cover
1112,631,8649,2015-09-10 00:00:00,45,48.0,60,Organised,46,49,58,Organised,36,53,34,Cover
1113,874,1601,2010-02-22 00:00:00,30,,40,Organised,50,35,70,Organised,65,60,50,Cover
1114,874,1601,2011-02-22 00:00:00,48,,51,Organised,68,67,51,Organised,46,48,50,Cover
1115,874,1601,2012-02-22 00:00:00,53,,55,Organised,44,65,50,Organised,43,44,49,Cover
1116,874,1601,2013-09-20 00:00:00,53,,55,Organised,44,65,50,Organised,43,44,49,Cover
1117,874,1601,2014-09-19 00:00:00,53,48.0,38,Organised,66,65,50,Organised,43,44,49,Cover
1118,874,1601,2015-09-10 00:00:00,47,48.0,38,Organised,61,65,50,Organised,43,44,49,Cover
1119,1819,9853,2010-02-22 00:00:00,65,,65,Organised,55,60,60,Organised,30,30,30,Offside Trap
1120,1819,9853,2011-02-22 00:00:00,65,,35,Organised,35,65,65,Organised,35,45,65,Cover
1121,1819,9853,2012-02-22 00:00:00,49,,52,Organised,48,52,52,Organised,35,44,50,Cover
1122,1819,9853,2013-09-20 00:00:00,49,,52,Organised,48,52,52,Organised,35,44,50,Cover
1123,1819,9853,2014-09-19 00:00:00,58,55.0,52,Organised,48,52,52,Organised,35,44,50,Cover
1124,1819,9853,2015-09-10 00:00:00,58,55.0,52,Organised,48,64,52,Organised,48,51,49,Cover
1125,1837,9882,2010-02-22 00:00:00,60,,30,Organised,30,30,65,Free Form,50,30,55,Offside Trap
1126,1837,9882,2011-02-22 00:00:00,50,,65,Organised,65,65,50,Organised,35,45,55,Cover
1127,1837,9882,2012-02-22 00:00:00,35,,35,Organised,35,65,35,Organised,45,45,50,Cover
1128,1837,9882,2013-09-20 00:00:00,36,,38,Organised,49,62,33,Organised,50,51,53,Cover
1129,1837,9882,2014-09-19 00:00:00,36,56.0,38,Organised,49,52,62,Organised,54,57,64,Offside Trap
1130,1837,9882,2015-09-10 00:00:00,36,56.0,38,Organised,49,52,29,Organised,50,51,53,Cover
1131,111974,7943,2010-02-22 00:00:00,30,,30,Organised,30,30,60,Organised,30,30,30,Cover
1132,111974,7943,2011-02-22 00:00:00,50,,50,Organised,50,61,60,Organised,45,30,30,Cover
1133,111974,7943,2012-02-22 00:00:00,50,,50,Organised,50,50,50,Organised,35,45,50,Cover
1134,111974,7943,2013-09-20 00:00:00,57,,60,Organised,56,63,64,Organised,38,47,53,Offside Trap
1135,111974,7943,2014-09-19 00:00:00,57,71.0,60,Organised,66,57,63,Organised,54,47,36,Offside Trap
1136,111974,7943,2015-09-10 00:00:00,57,65.0,60,Organised,56,57,56,Organised,38,47,53,Cover
1137,58,7794,2010-02-22 00:00:00,40,,45,Organised,50,35,55,Organised,70,70,70,Offside Trap
1138,58,7794,2012-02-22 00:00:00,50,,50,Organised,50,51,49,Organised,44,45,50,Cover
1139,58,7794,2013-09-20 00:00:00,50,,50,Organised,50,51,49,Organised,44,45,50,Cover
1140,58,7794,2014-09-19 00:00:00,67,61.0,43,Organised,56,51,49,Organised,39,47,48,Cover
1141,58,7794,2015-09-10 00:00:00,61,61.0,52,Organised,56,51,49,Organised,44,55,48,Cover
1142,1913,10228,2010-02-22 00:00:00,35,,30,Organised,45,45,60,Organised,30,30,30,Cover
1143,1913,10228,2011-02-22 00:00:00,49,,48,Free Form,52,67,52,Organised,58,60,65,Cover
1144,1913,10228,2012-02-22 00:00:00,67,,53,Organised,48,75,39,Organised,45,44,48,Cover
1145,1913,10228,2013-09-20 00:00:00,47,,37,Organised,48,52,42,Organised,46,44,48,Cover
1146,1913,10228,2014-09-19 00:00:00,53,48.0,46,Organised,65,43,46,Organised,46,44,48,Cover
1147,1913,10228,2015-09-10 00:00:00,54,40.0,56,Organised,65,43,44,Organised,46,44,48,Cover
1148,34,10189,2010-02-22 00:00:00,65,,55,Organised,55,70,70,Organised,70,45,70,Cover
1149,34,10189,2011-02-22 00:00:00,63,,57,Organised,55,70,62,Organised,37,67,38,Cover
1150,34,10189,2012-02-22 00:00:00,50,,36,Organised,59,52,56,Organised,43,44,53,Cover
1151,34,10189,2013-09-20 00:00:00,60,,47,Organised,62,54,52,Organised,45,58,42,Cover
1152,34,10189,2014-09-19 00:00:00,39,54.0,45,Organised,42,56,41,Organised,51,51,40,Cover
1153,34,10189,2015-09-10 00:00:00,58,43.0,42,Organised,64,61,37,Organised,55,59,56,Cover
1154,324,9777,2010-02-22 00:00:00,30,,55,Organised,45,70,60,Organised,55,60,55,Cover
1155,324,9777,2012-02-22 00:00:00,48,,51,Organised,53,66,45,Organised,49,45,49,Cover
1156,324,9777,2013-09-20 00:00:00,48,,51,Organised,53,66,45,Organised,49,45,49,Cover
1157,481,8302,2010-02-22 00:00:00,30,,30,Free Form,70,60,70,Free Form,60,70,65,Offside Trap
1158,481,8302,2011-02-22 00:00:00,68,,58,Free Form,68,67,71,Free Form,57,58,68,Cover
1159,481,8302,2012-02-22 00:00:00,61,,65,Organised,53,57,38,Organised,38,49,55,Cover
1160,481,8302,2013-09-20 00:00:00,65,,65,Organised,53,57,38,Organised,38,49,55,Cover
1161,481,8302,2014-09-19 00:00:00,65,53.0,65,Organised,53,57,38,Organised,38,49,55,Cover
1162,481,8302,2015-09-10 00:00:00,53,53.0,53,Organised,53,52,60,Organised,42,48,59,Cover
1163,110770,10179,2010-02-22 00:00:00,35,,60,Organised,50,60,60,Organised,35,40,45,Offside Trap
1164,110770,10179,2011-02-22 00:00:00,47,,56,Organised,67,56,54,Organised,41,43,39,Cover
1165,110770,10179,2012-02-22 00:00:00,61,,37,Organised,62,50,53,Organised,45,43,54,Cover
1166,110770,10179,2013-09-20 00:00:00,61,,37,Organised,62,50,53,Organised,45,43,54,Cover
1167,110770,10179,2014-09-19 00:00:00,61,57.0,37,Organised,62,50,53,Organised,45,47,54,Cover
1168,110770,10179,2015-09-10 00:00:00,61,57.0,37,Organised,62,50,53,Organised,45,47,54,Cover
1169,111092,8025,2010-02-22 00:00:00,30,,45,Organised,45,35,70,Organised,60,70,50,Cover
1170,111092,8025,2011-02-22 00:00:00,47,,55,Organised,45,48,54,Organised,48,47,51,Cover
1171,111092,8025,2012-02-22 00:00:00,65,,63,Organised,67,31,67,Organised,24,24,39,Cover
1172,111092,8025,2013-09-20 00:00:00,65,,50,Organised,67,31,67,Organised,30,30,40,Cover
1173,111092,8025,2014-09-19 00:00:00,47,53.0,34,Organised,38,36,68,Organised,37,37,39,Cover
1174,111092,8025,2015-09-10 00:00:00,50,55.0,35,Organised,51,51,55,Organised,45,55,39,Cover
1175,226,9874,2010-02-22 00:00:00,66,,70,Organised,35,40,50,Organised,65,30,65,Cover
1176,226,9874,2011-02-22 00:00:00,50,,50,Organised,35,65,35,Organised,45,55,65,Cover
1177,226,9874,2012-02-22 00:00:00,63,,39,Organised,63,72,49,Organised,54,43,49,Cover
1178,226,9874,2013-09-20 00:00:00,63,,39,Organised,63,64,49,Organised,54,43,49,Cover
1179,226,9874,2014-09-19 00:00:00,63,62.0,39,Organised,63,64,49,Organised,54,43,49,Cover
1180,226,9874,2015-09-10 00:00:00,63,62.0,39,Organised,63,64,49,Organised,54,43,49,Cover
1181,17,8466,2010-02-22 00:00:00,70,,55,Organised,70,70,65,Organised,70,70,70,Cover
1182,17,8466,2011-02-22 00:00:00,52,,37,Organised,48,49,47,Organised,43,43,48,Cover
1183,17,8466,2012-02-22 00:00:00,47,,52,Organised,54,56,60,Organised,48,52,44,Cover
1184,17,8466,2013-09-20 00:00:00,47,,38,Organised,52,56,58,Free Form,57,63,44,Cover
1185,17,8466,2014-09-19 00:00:00,47,41.0,40,Organised,42,56,51,Free Form,62,64,44,Cover
1186,17,8466,2015-09-10 00:00:00,52,31.0,46,Organised,42,54,30,Organised,50,65,44,Cover
1187,100646,8614,2010-02-22 00:00:00,35,,40,Organised,30,45,65,Organised,30,30,30,Cover
1188,670,9986,2010-02-22 00:00:00,40,,50,Organised,45,43,60,Organised,70,70,70,Cover
1189,670,9986,2011-02-22 00:00:00,47,,36,Organised,34,33,53,Organised,49,58,48,Cover
1190,670,9986,2013-09-20 00:00:00,60,,53,Organised,48,50,48,Organised,42,48,49,Cover
1191,670,9986,2014-09-19 00:00:00,60,47.0,53,Organised,48,50,48,Organised,42,48,49,Cover
1192,670,9986,2015-09-10 00:00:00,60,47.0,53,Organised,48,50,48,Organised,39,48,49,Cover
1193,237,9768,2010-02-22 00:00:00,30,,30,Organised,55,60,55,Free Form,30,30,30,Offside Trap
1194,237,9768,2011-02-22 00:00:00,50,,35,Organised,65,65,35,Organised,55,45,50,Cover
1195,237,9768,2012-02-22 00:00:00,53,,56,Organised,67,68,69,Organised,52,49,54,Cover
1196,237,9768,2013-09-20 00:00:00,53,,56,Organised,67,68,60,Free Form,52,49,54,Cover
1197,237,9768,2014-09-19 00:00:00,55,65.0,56,Organised,42,50,55,Organised,60,60,54,Cover
1198,237,9768,2015-09-10 00:00:00,57,65.0,56,Organised,42,50,55,Organised,60,60,54,Cover
1199,459,9869,2010-02-22 00:00:00,70,,55,Organised,65,50,70,Organised,70,70,55,Cover
1200,459,9869,2011-02-22 00:00:00,68,,53,Organised,67,51,65,Organised,58,51,55,Cover
1201,459,9869,2012-02-22 00:00:00,51,,43,Organised,68,61,44,Organised,36,60,39,Cover
1202,459,9869,2013-09-20 00:00:00,55,,43,Organised,68,61,44,Organised,36,60,39,Cover
1203,459,9869,2014-09-19 00:00:00,55,48.0,43,Organised,68,61,44,Organised,36,60,39,Cover
1204,459,9869,2015-09-10 00:00:00,55,48.0,50,Organised,62,59,38,Organised,45,54,41,Cover
1205,48,9875,2010-02-22 00:00:00,70,,30,Free Form,30,35,70,Free Form,50,70,45,Cover
1206,48,9875,2011-02-22 00:00:00,50,,35,Free Form,65,65,50,Organised,50,70,45,Cover
1207,48,9875,2012-02-22 00:00:00,60,,50,Organised,65,65,50,Organised,45,55,50,Cover
1208,48,9875,2013-09-20 00:00:00,68,,52,Organised,68,69,53,Organised,44,57,53,Offside Trap
1209,48,9875,2014-09-19 00:00:00,72,74.0,34,Organised,76,66,73,Organised,61,59,39,Cover
1210,48,9875,2015-09-10 00:00:00,53,70.0,37,Organised,68,54,67,Organised,47,57,53,Offside Trap
1211,898,10190,2010-02-22 00:00:00,35,,60,Organised,35,55,55,Organised,50,55,50,Cover
1212,898,10190,2011-02-22 00:00:00,47,,55,Organised,47,54,56,Organised,49,55,48,Cover
1213,898,10190,2013-09-20 00:00:00,52,,48,Organised,39,39,37,Organised,40,41,52,Cover
1214,898,10190,2014-09-19 00:00:00,52,46.0,48,Organised,39,39,37,Organised,40,41,52,Cover
1215,898,10190,2015-09-10 00:00:00,52,46.0,48,Organised,39,39,37,Organised,40,36,52,Cover
1216,100805,9800,2010-02-22 00:00:00,70,,70,Organised,70,70,70,Organised,60,70,70,Cover
1217,100805,9800,2011-02-22 00:00:00,48,,48,Organised,52,48,48,Organised,43,44,51,Cover
1218,100805,9800,2012-02-22 00:00:00,60,,75,Organised,62,45,60,Organised,50,48,40,Cover
1219,100805,9800,2013-09-20 00:00:00,42,,43,Organised,47,46,60,Organised,53,49,42,Cover
1220,100805,9800,2014-09-19 00:00:00,58,50.0,70,Organised,62,56,61,Organised,50,49,41,Cover
1221,100805,9800,2015-09-10 00:00:00,38,53.0,33,Organised,53,58,53,Organised,60,58,48,Cover
1222,110329,8152,2010-02-22 00:00:00,60,,60,Organised,50,70,70,Organised,60,70,55,Cover
1223,110329,8152,2011-02-22 00:00:00,60,,42,Organised,63,55,56,Organised,49,60,55,Cover
1224,110329,8152,2012-02-22 00:00:00,53,,64,Organised,60,34,53,Organised,49,44,59,Cover
1225,110329,8152,2013-09-20 00:00:00,53,,56,Organised,62,46,53,Organised,49,44,57,Cover
1226,110329,8152,2014-09-19 00:00:00,53,52.0,56,Organised,68,53,34,Organised,46,44,54,Cover
1227,110329,8152,2015-09-10 00:00:00,52,52.0,56,Organised,62,53,38,Organised,39,44,57,Cover
1228,100804,8467,2010-02-22 00:00:00,70,,50,Organised,50,50,50,Organised,30,70,30,Cover
1229,100804,8467,2011-02-22 00:00:00,67,,48,Organised,47,47,54,Organised,33,47,37,Cover
1230,100804,8467,2012-02-22 00:00:00,57,,57,Organised,46,48,38,Organised,42,38,52,Cover
1231,100804,8467,2013-09-20 00:00:00,60,,58,Organised,48,49,38,Organised,44,42,56,Cover
1232,100804,8467,2014-09-19 00:00:00,56,48.0,57,Organised,47,49,40,Organised,40,40,52,Cover
1233,100804,8467,2015-09-10 00:00:00,62,52.0,48,Organised,47,49,40,Organised,37,48,55,Cover
1234,680,9997,2010-02-22 00:00:00,50,,50,Organised,50,50,50,Organised,50,50,50,Cover
1235,680,9997,2011-02-22 00:00:00,53,,53,Organised,48,52,53,Organised,46,46,46,Cover
1236,680,9997,2012-02-22 00:00:00,52,,55,Organised,52,55,47,Organised,32,40,41,Cover
1237,232,9985,2010-02-22 00:00:00,53,,40,Organised,55,55,65,Organised,70,70,65,Cover
1238,232,9985,2011-02-22 00:00:00,68,,66,Organised,53,66,63,Free Form,59,47,66,Cover
1239,232,9985,2012-02-22 00:00:00,75,,70,Organised,55,58,60,Organised,45,60,52,Cover
1240,232,9985,2013-09-20 00:00:00,54,,62,Organised,55,58,60,Organised,45,60,52,Cover
1241,232,9985,2014-09-19 00:00:00,54,45.0,62,Organised,55,58,60,Organised,45,54,52,Cover
1242,232,9985,2015-09-10 00:00:00,54,45.0,62,Organised,55,58,60,Organised,45,54,52,Cover
1243,1806,10194,2010-02-22 00:00:00,65,,70,Organised,70,70,55,Organised,35,70,35,Cover
1244,1806,10194,2011-02-22 00:00:00,50,,80,Organised,30,70,35,Organised,25,65,50,Cover
1245,1806,10194,2012-02-22 00:00:00,75,,75,Organised,40,72,55,Organised,50,58,45,Cover
1246,1806,10194,2013-09-20 00:00:00,75,,73,Organised,59,61,38,Organised,32,37,41,Cover
1247,1806,10194,2014-09-19 00:00:00,48,24.0,55,Organised,51,57,37,Organised,38,40,41,Cover
1248,1806,10194,2015-09-10 00:00:00,48,41.0,49,Organised,51,59,49,Organised,44,37,51,Cover
1249,106,8472,2010-02-22 00:00:00,60,,70,Organised,70,70,55,Organised,35,70,35,Cover
1250,106,8472,2011-02-22 00:00:00,55,,55,Organised,55,65,55,Organised,45,55,65,Cover
1251,106,8472,2012-02-22 00:00:00,67,,62,Organised,44,72,59,Organised,47,53,60,Cover
1252,106,8472,2013-09-20 00:00:00,57,,66,Organised,56,31,72,Organised,47,52,49,Cover
1253,106,8472,2014-09-19 00:00:00,60,33.0,61,Organised,56,44,58,Organised,41,38,53,Cover
1254,106,8472,2015-09-10 00:00:00,43,43.0,51,Organised,59,50,55,Organised,47,45,49,Cover
1255,1960,10003,2010-02-22 00:00:00,65,,70,Organised,70,70,70,Organised,70,70,70,Cover
1256,1960,10003,2011-02-22 00:00:00,66,,34,Organised,52,51,64,Organised,44,47,64,Cover
1257,1960,10003,2012-02-22 00:00:00,26,,24,Organised,62,39,57,Free Form,48,58,60,Cover
1258,1960,10003,2013-09-20 00:00:00,41,,39,Organised,36,42,44,Free Form,52,58,57,Cover
1259,1960,10003,2014-09-19 00:00:00,63,34.0,34,Organised,34,51,36,Free Form,51,58,54,Cover
1260,1960,10003,2015-09-10 00:00:00,45,44.0,42,Organised,34,36,55,Free Form,31,47,42,Cover
1261,260,9867,2010-02-22 00:00:00,30,,30,Organised,45,30,65,Organised,50,30,45,Cover
1262,260,9867,2011-02-22 00:00:00,56,,51,Organised,68,52,60,Organised,57,50,67,Cover
1263,260,9867,2014-09-19 00:00:00,56,50.0,57,Organised,56,51,54,Organised,52,50,65,Cover
1264,260,9867,2015-09-10 00:00:00,56,50.0,57,Organised,56,51,54,Organised,52,50,69,Cover
1265,1715,10191,2011-02-22 00:00:00,51,,39,Organised,54,46,31,Organised,37,34,46,Cover
1266,1715,10191,2012-02-22 00:00:00,58,,35,Organised,67,32,66,Organised,47,45,53,Cover
1267,1715,10191,2013-09-20 00:00:00,58,,35,Organised,67,32,66,Organised,47,45,53,Cover
1268,1715,10191,2014-09-19 00:00:00,58,59.0,35,Organised,64,36,66,Organised,47,45,53,Cover
1269,1715,10191,2015-09-10 00:00:00,58,59.0,35,Organised,64,36,66,Organised,47,45,53,Cover
1270,54,9804,2010-02-22 00:00:00,45,,35,Organised,40,30,70,Free Form,45,35,55,Cover
1271,54,9804,2011-02-22 00:00:00,45,,35,Organised,40,47,35,Organised,45,45,55,Cover
1272,54,9804,2012-02-22 00:00:00,50,,50,Organised,50,65,50,Organised,35,45,50,Cover
1273,54,9804,2013-09-20 00:00:00,71,,36,Organised,37,72,53,Free Form,39,46,52,Cover
1274,54,9804,2014-09-19 00:00:00,76,69.0,64,Organised,64,72,53,Organised,39,34,52,Cover
1275,54,9804,2015-09-10 00:00:00,69,69.0,36,Organised,37,69,53,Organised,39,46,52,Cover
1276,18,8586,2010-02-22 00:00:00,70,,50,Organised,50,65,50,Organised,50,50,50,Cover
1277,18,8586,2011-02-22 00:00:00,60,,55,Free Form,70,70,70,Organised,30,40,60,Cover
1278,18,8586,2012-02-22 00:00:00,44,,47,Organised,52,63,61,Organised,43,44,51,Cover
1279,18,8586,2013-09-20 00:00:00,42,,46,Organised,45,58,68,Organised,63,61,57,Cover
1280,18,8586,2014-09-19 00:00:00,41,35.0,38,Organised,41,59,62,Organised,58,51,56,Cover
1281,18,8586,2015-09-10 00:00:00,47,46.0,40,Organised,41,41,63,Organised,63,54,56,Cover
1282,1809,9941,2010-02-22 00:00:00,35,,70,Organised,45,70,35,Organised,30,45,30,Cover
1283,1809,9941,2011-02-22 00:00:00,65,,50,Organised,50,50,65,Organised,35,55,50,Cover
1284,1809,9941,2012-02-22 00:00:00,49,,53,Organised,52,34,36,Organised,36,45,49,Cover
1285,1809,9941,2013-09-20 00:00:00,49,,53,Organised,52,34,36,Organised,36,45,49,Cover
1286,1809,9941,2014-09-19 00:00:00,49,56.0,53,Organised,52,34,57,Organised,36,52,49,Cover
1287,1809,9941,2015-09-10 00:00:00,49,56.0,53,Organised,52,34,36,Organised,36,45,49,Cover
1288,294,10242,2011-02-22 00:00:00,35,,50,Organised,50,50,35,Organised,45,45,50,Cover
1289,294,10242,2012-02-22 00:00:00,49,,51,Organised,52,49,49,Organised,43,42,52,Cover
1290,294,10242,2013-09-20 00:00:00,49,,51,Organised,52,49,49,Organised,43,42,52,Cover
1291,294,10242,2014-09-19 00:00:00,49,48.0,51,Organised,52,49,46,Organised,43,42,52,Cover
1292,294,10242,2015-09-10 00:00:00,49,48.0,51,Organised,52,49,46,Organised,43,42,52,Cover
1293,1908,8611,2010-02-22 00:00:00,30,,30,Organised,40,40,65,Organised,30,30,30,Cover
1294,1908,8611,2011-02-22 00:00:00,55,,55,Free Form,63,62,47,Free Form,61,59,54,Cover
1295,1908,8611,2012-02-22 00:00:00,25,,28,Organised,44,68,37,Organised,62,68,67,Cover
1296,1908,8611,2013-09-20 00:00:00,35,,38,Organised,44,50,41,Free Form,34,44,54,Cover
1297,1908,8611,2014-09-19 00:00:00,38,39.0,34,Organised,63,65,37,Organised,44,41,55,Cover
1298,1908,8611,2015-09-10 00:00:00,48,40.0,43,Organised,43,58,39,Organised,44,41,55,Cover
1299,55,8600,2010-02-22 00:00:00,64,,35,Organised,30,50,70,Organised,35,30,55,Offside Trap
1300,55,8600,2011-02-22 00:00:00,70,,49,Organised,66,50,50,Organised,44,45,55,Offside Trap
1301,55,8600,2012-02-22 00:00:00,75,,45,Organised,65,65,50,Organised,45,55,50,Cover
1302,55,8600,2013-09-20 00:00:00,78,,63,Free Form,69,78,52,Free Form,40,63,57,Cover
1303,55,8600,2014-09-19 00:00:00,71,71.0,63,Organised,69,78,52,Organised,40,46,57,Cover
1304,55,8600,2015-09-10 00:00:00,68,54.0,63,Organised,69,68,52,Organised,40,57,57,Cover
1305,1895,9771,2010-02-22 00:00:00,50,,50,Organised,50,50,50,Organised,50,50,50,Cover
1306,1895,9771,2011-02-22 00:00:00,50,,50,Organised,50,50,50,Organised,50,50,50,Cover
1307,1895,9771,2012-02-22 00:00:00,36,,36,Organised,52,50,46,Organised,53,45,56,Cover
1308,461,10267,2010-02-22 00:00:00,30,,30,Free Form,55,60,70,Organised,55,60,60,Offside Trap
1309,461,10267,2011-02-22 00:00:00,41,,40,Organised,56,55,64,Free Form,40,48,54,Cover
1310,461,10267,2012-02-22 00:00:00,20,,35,Organised,38,56,55,Organised,51,38,59,Cover
1311,461,10267,2013-09-20 00:00:00,20,,35,Organised,38,56,55,Organised,51,38,59,Cover
1312,461,10267,2014-09-19 00:00:00,30,45.0,35,Organised,38,56,55,Organised,51,38,59,Cover
1313,461,10267,2015-09-10 00:00:00,35,46.0,35,Organised,37,51,58,Organised,49,45,53,Cover
1314,110456,9873,2010-02-22 00:00:00,60,,70,Organised,50,60,60,Organised,30,55,30,Cover
1315,110456,9873,2011-02-22 00:00:00,65,,50,Organised,50,65,50,Organised,45,45,65,Cover
1316,110456,9873,2012-02-22 00:00:00,49,,50,Organised,51,60,61,Organised,43,57,51,Cover
1317,110456,9873,2013-09-20 00:00:00,49,,50,Organised,51,76,61,Organised,43,57,51,Cover
1318,110456,9873,2014-09-19 00:00:00,49,59.0,52,Organised,51,67,56,Organised,47,51,46,Cover
1319,110456,9873,2015-09-10 00:00:00,49,59.0,52,Organised,51,67,56,Organised,47,51,46,Cover
1320,462,10281,2010-02-22 00:00:00,55,,40,Organised,45,30,60,Organised,30,65,30,Cover
1321,462,10281,2011-02-22 00:00:00,54,,55,Organised,44,60,62,Organised,43,52,59,Cover
1322,462,10281,2012-02-22 00:00:00,55,,54,Organised,58,73,41,Organised,51,50,60,Cover
1323,462,10281,2013-09-20 00:00:00,55,,54,Organised,58,73,41,Organised,51,50,60,Cover
1324,462,10281,2014-09-19 00:00:00,55,44.0,54,Organised,58,68,41,Organised,51,50,60,Cover
1325,462,10281,2015-09-10 00:00:00,43,40.0,65,Organised,39,51,57,Organised,47,40,47,Cover
1326,206,9876,2012-02-22 00:00:00,50,,50,Organised,50,50,50,Organised,45,55,50,Cover
1327,206,9876,2013-09-20 00:00:00,58,,63,Organised,55,57,61,Organised,47,59,63,Cover
1328,206,9876,2014-09-19 00:00:00,63,46.0,48,Organised,39,54,55,Organised,31,47,37,Cover
1329,206,9876,2015-09-10 00:00:00,57,29.0,38,Organised,39,54,55,Organised,47,59,52,Cover
1330,36,10269,2010-02-22 00:00:00,70,,30,Organised,60,70,70,Organised,65,50,60,Cover
1331,36,10269,2011-02-22 00:00:00,64,,48,Organised,60,62,56,Organised,45,56,39,Cover
1332,36,10269,2012-02-22 00:00:00,50,,42,Organised,56,66,48,Organised,47,44,43,Cover
1333,36,10269,2013-09-20 00:00:00,59,,41,Organised,58,66,65,Organised,47,52,38,Cover
1334,36,10269,2014-09-19 00:00:00,54,61.0,53,Organised,60,56,48,Organised,46,54,40,Cover
1335,36,10269,2015-09-10 00:00:00,59,55.0,41,Organised,58,66,48,Organised,41,44,32,Cover
1336,483,10205,2010-02-22 00:00:00,64,,30,Free Form,55,35,70,Free Form,65,30,70,Offside Trap
1337,483,10205,2011-02-22 00:00:00,42,,41,Free Form,53,38,70,Free Form,50,48,54,Cover
1338,483,10205,2012-02-22 00:00:00,20,,26,Organised,43,57,58,Organised,51,51,56,Cover
1339,483,10205,2013-09-20 00:00:00,24,,26,Organised,43,57,58,Organised,51,51,56,Cover
1340,483,10205,2014-09-19 00:00:00,35,42.0,35,Organised,43,57,58,Organised,51,51,56,Cover
1341,483,10205,2015-09-10 00:00:00,48,42.0,36,Free Form,36,52,55,Free Form,47,48,44,Cover
1342,1909,8277,2010-02-22 00:00:00,35,,35,Organised,40,50,60,Organised,30,30,30,Cover
1343,1909,8277,2011-02-22 00:00:00,33,,50,Organised,68,51,54,Organised,55,60,64,Cover
1344,1909,8277,2012-02-22 00:00:00,37,,30,Organised,57,42,56,Organised,42,54,48,Cover
1345,1909,8277,2013-09-20 00:00:00,37,,39,Organised,52,42,62,Organised,42,45,48,Cover
1346,1909,8277,2014-09-19 00:00:00,53,55.0,32,Organised,53,54,56,Organised,42,54,62,Cover
1347,1909,8277,2015-09-10 00:00:00,57,40.0,48,Free Form,53,37,71,Free Form,60,58,62,Cover
1348,1887,7844,2010-02-22 00:00:00,30,,30,Organised,55,55,55,Organised,30,30,30,Offside Trap
1349,1887,7844,2011-02-22 00:00:00,65,,47,Organised,65,50,49,Organised,55,55,48,Offside Trap
1350,1887,7844,2012-02-22 00:00:00,40,,39,Organised,53,68,58,Organised,50,59,68,Cover
1351,1887,7844,2013-09-20 00:00:00,40,,39,Organised,53,68,58,Organised,50,59,64,Cover
1352,1887,7844,2014-09-19 00:00:00,40,52.0,39,Organised,53,62,58,Organised,37,40,64,Cover
1353,1887,7844,2015-09-10 00:00:00,40,52.0,39,Organised,53,62,58,Organised,37,40,64,Cover
1354,665,10238,2010-02-22 00:00:00,30,,30,Organised,60,50,55,Organised,30,30,30,Cover
1355,665,10238,2011-02-22 00:00:00,50,,50,Organised,50,65,50,Organised,35,55,50,Cover
1356,665,10238,2012-02-22 00:00:00,56,,42,Organised,54,52,52,Organised,37,37,58,Cover
1357,665,10238,2013-09-20 00:00:00,56,,42,Organised,54,52,52,Organised,37,37,58,Cover
1358,665,10238,2014-09-19 00:00:00,56,49.0,42,Organised,54,52,52,Organised,37,37,58,Cover
1359,665,10238,2015-09-10 00:00:00,58,49.0,42,Organised,54,52,52,Organised,37,37,58,Cover
1360,100651,9839,2010-02-22 00:00:00,50,,50,Organised,50,50,50,Organised,50,50,50,Cover
1361,100651,9839,2011-02-22 00:00:00,50,,42,Organised,50,62,50,Organised,38,47,49,Cover
1362,100651,9839,2012-02-22 00:00:00,41,,52,Organised,48,60,47,Organised,46,55,54,Cover
1363,100651,9839,2013-09-20 00:00:00,41,,52,Organised,60,52,52,Organised,29,42,49,Cover
1364,110913,8475,2013-09-20 00:00:00,62,,53,Organised,50,30,54,Free Form,30,49,35,Cover
1365,110913,8475,2014-09-19 00:00:00,38,45.0,39,Organised,29,30,39,Organised,25,37,35,Cover
1366,110913,8475,2015-09-10 00:00:00,38,45.0,49,Organised,45,42,53,Organised,27,32,35,Cover
1367,1795,9817,2010-02-22 00:00:00,70,,70,Organised,70,70,65,Organised,70,70,65,Cover
1368,1795,9817,2011-02-22 00:00:00,64,,53,Organised,67,67,48,Organised,44,47,66,Cover
1369,1795,9817,2012-02-22 00:00:00,66,,66,Organised,45,60,60,Organised,48,50,45,Cover
1370,1795,9817,2013-09-20 00:00:00,67,,45,Organised,45,38,53,Free Form,38,52,45,Cover
1371,1795,9817,2014-09-19 00:00:00,61,43.0,56,Organised,54,44,55,Free Form,38,52,45,Cover
1372,1795,9817,2015-09-10 00:00:00,61,32.0,52,Organised,54,42,45,Free Form,38,52,45,Cover
1373,38,8697,2010-02-22 00:00:00,70,,40,Organised,70,40,70,Organised,70,65,70,Cover
1374,38,8697,2011-02-22 00:00:00,64,,40,Organised,65,48,64,Organised,64,48,68,Cover
1375,38,8697,2012-02-22 00:00:00,54,,40,Organised,68,58,48,Organised,49,50,65,Cover
1376,38,8697,2013-09-20 00:00:00,68,,33,Organised,71,67,78,Organised,60,50,64,Cover
1377,38,8697,2014-09-19 00:00:00,40,55.0,47,Organised,37,40,51,Organised,40,50,45,Cover
1378,38,8697,2015-09-10 00:00:00,56,55.0,63,Organised,68,66,58,Organised,63,47,73,Cover
1379,109,8659,2010-02-22 00:00:00,65,,40,Organised,70,70,55,Organised,70,70,70,Cover
1380,109,8659,2011-02-22 00:00:00,60,,65,Organised,40,50,45,Organised,35,55,60,Cover
1381,109,8659,2012-02-22 00:00:00,48,,48,Organised,45,60,54,Organised,38,38,52,Cover
1382,109,8659,2013-09-20 00:00:00,55,,54,Organised,57,53,57,Organised,33,31,49,Cover
1383,109,8659,2014-09-19 00:00:00,55,34.0,51,Organised,53,53,57,Organised,41,40,49,Cover
1384,109,8659,2015-09-10 00:00:00,62,32.0,51,Organised,53,50,60,Organised,41,40,49,Cover
1385,19,8654,2010-02-22 00:00:00,58,,30,Organised,31,70,50,Organised,30,70,30,Cover
1386,19,8654,2011-02-22 00:00:00,35,,35,Organised,30,45,45,Organised,45,45,50,Cover
1387,19,8654,2012-02-22 00:00:00,63,,64,Organised,44,60,55,Organised,30,34,38,Cover
1388,19,8654,2013-09-20 00:00:00,72,,73,Organised,61,74,32,Organised,30,37,41,Cover
1389,19,8654,2014-09-19 00:00:00,72,39.0,73,Organised,68,71,32,Organised,30,34,41,Cover
1390,19,8654,2015-09-10 00:00:00,77,37.0,57,Organised,68,73,29,Organised,30,37,41,Cover
1391,681,10001,2010-02-22 00:00:00,45,,60,Organised,40,45,55,Organised,70,70,70,Cover
1392,681,10001,2011-02-22 00:00:00,34,,52,Free Form,66,48,53,Organised,48,59,67,Cover
1393,681,10001,2012-02-22 00:00:00,52,,50,Organised,59,60,32,Organised,48,45,53,Cover
1394,681,10001,2015-09-10 00:00:00,52,46.0,50,Organised,57,55,32,Organised,48,45,53,Cover
1395,301,8024,2011-02-22 00:00:00,63,,48,Organised,48,68,53,Organised,37,58,63,Cover
1396,301,8024,2012-02-22 00:00:00,66,,72,Organised,70,61,54,Organised,32,32,62,Cover
1397,301,8024,2013-09-20 00:00:00,66,,59,Organised,43,61,54,Organised,32,43,46,Cover
1398,301,8024,2014-09-19 00:00:00,66,52.0,72,Organised,66,67,51,Organised,36,38,65,Cover
1399,1917,8528,2010-02-22 00:00:00,70,,70,Organised,70,70,50,Organised,35,70,35,Cover
1400,1917,8528,2011-02-22 00:00:00,35,,50,Organised,45,65,50,Organised,45,55,65,Cover
1401,1917,8528,2012-02-22 00:00:00,38,,38,Organised,54,42,42,Organised,40,42,44,Cover
1402,1917,8528,2013-09-20 00:00:00,38,,39,Organised,43,42,34,Free Form,56,52,44,Cover
1403,1917,8528,2014-09-19 00:00:00,51,36.0,51,Organised,52,55,57,Organised,62,57,44,Cover
1404,1917,8528,2015-09-10 00:00:00,51,37.0,56,Organised,52,59,40,Organised,62,48,44,Cover
1405,1907,8525,2010-02-22 00:00:00,35,,30,Organised,30,40,65,Organised,30,30,30,Cover
1406,1907,8525,2011-02-22 00:00:00,72,,57,Organised,70,47,49,Organised,28,63,62,Cover
1407,1907,8525,2013-09-20 00:00:00,48,,55,Organised,48,53,46,Organised,43,35,47,Cover
1408,1907,8525,2015-09-10 00:00:00,51,36.0,63,Organised,48,53,52,Organised,43,45,47,Cover
1409,1873,10265,2010-02-22 00:00:00,40,,35,Organised,55,35,70,Organised,70,70,65,Cover
1410,1873,10265,2011-02-22 00:00:00,67,,48,Organised,53,63,67,Organised,58,47,52,Cover
1411,1873,10265,2012-02-22 00:00:00,25,,25,Organised,32,72,50,Organised,60,58,61,Cover
1412,1873,10265,2013-09-20 00:00:00,30,,30,Organised,32,72,50,Organised,60,58,61,Cover
1413,1873,10265,2014-09-19 00:00:00,47,52.0,36,Organised,36,53,66,Organised,60,66,53,Cover
1414,1873,10265,2015-09-10 00:00:00,33,49.0,37,Free Form,33,37,31,Free Form,62,58,37,Cover
1415,175,8721,2010-02-22 00:00:00,65,,45,Organised,65,60,70,Organised,45,60,50,Cover
1416,175,8721,2011-02-22 00:00:00,65,,45,Organised,65,36,51,Organised,58,47,66,Cover
1417,175,8721,2012-02-22 00:00:00,54,,59,Organised,67,56,48,Organised,38,40,45,Cover
1418,175,8721,2013-09-20 00:00:00,58,,57,Organised,68,72,70,Organised,64,42,55,Cover
1419,175,8721,2014-09-19 00:00:00,58,67.0,45,Organised,68,60,54,Organised,59,48,47,Cover
1420,175,8721,2015-09-10 00:00:00,68,45.0,57,Organised,69,66,50,Organised,66,46,55,Cover
1421,110,8602,2010-02-22 00:00:00,70,,70,Organised,70,70,70,Organised,70,70,70,Cover
1422,110,8602,2011-02-22 00:00:00,55,,55,Organised,60,60,45,Organised,45,45,50,Cover
1423,110,8602,2012-02-22 00:00:00,67,,68,Organised,42,68,56,Organised,48,60,45,Cover
1424,110,8602,2013-09-20 00:00:00,63,,61,Organised,42,73,56,Organised,42,48,52,Cover
1425,110,8602,2014-09-19 00:00:00,47,28.0,58,Organised,55,64,56,Organised,47,48,52,Cover
1426,110,8602,2015-09-10 00:00:00,46,36.0,54,Organised,55,47,48,Organised,47,48,55,Cover
1427,435,7955,2010-02-22 00:00:00,60,,45,Organised,60,70,60,Organised,50,45,55,Cover
1428,435,7955,2011-02-22 00:00:00,54,,47,Organised,37,48,53,Organised,49,45,52,Cover
1429,435,7955,2012-02-22 00:00:00,49,,50,Organised,39,48,34,Organised,34,31,51,Cover
1430,1742,9868,2010-02-22 00:00:00,30,,30,Organised,45,35,70,Organised,45,50,45,Cover
1431,1742,9868,2011-02-22 00:00:00,40,,58,Organised,56,54,49,Organised,46,52,67,Cover
1432,1742,9868,2012-02-22 00:00:00,60,,44,Organised,40,57,41,Organised,49,54,50,Cover
1433,1742,9868,2013-09-20 00:00:00,60,,44,Organised,40,57,41,Organised,49,54,50,Cover
1434,900,10192,2010-02-22 00:00:00,55,,55,Organised,55,70,60,Organised,55,55,60,Offside Trap
1435,900,10192,2011-02-22 00:00:00,60,,57,Organised,65,69,68,Organised,48,49,61,Cover
1436,900,10192,2012-02-22 00:00:00,52,,69,Organised,39,70,46,Organised,44,34,50,Cover
1437,900,10192,2013-09-20 00:00:00,52,,69,Organised,39,70,46,Organised,44,34,50,Cover
1438,900,10192,2014-09-19 00:00:00,52,56.0,64,Organised,39,66,46,Organised,44,34,50,Cover
1439,900,10192,2015-09-10 00:00:00,52,56.0,64,Organised,39,66,46,Organised,44,34,50,Cover
1440,110749,8021,2010-02-22 00:00:00,55,,60,Organised,30,40,70,Organised,70,70,70,Cover
1441,110749,8021,2011-02-22 00:00:00,54,,37,Organised,48,38,37,Organised,47,58,52,Cover
1442,110749,8021,2012-02-22 00:00:00,33,,38,Organised,67,52,73,Organised,58,47,52,Cover
1443,110749,8021,2013-09-20 00:00:00,33,,38,Organised,67,52,48,Organised,58,47,52,Cover
1444,110749,8021,2014-09-19 00:00:00,33,49.0,51,Organised,38,63,48,Organised,58,38,52,Cover
1445,244,8394,2010-02-22 00:00:00,30,,30,Free Form,50,35,70,Organised,40,30,45,Offside Trap
1446,244,8394,2011-02-22 00:00:00,43,,40,Organised,46,38,42,Organised,38,40,53,Cover
1447,244,8394,2012-02-22 00:00:00,34,,23,Organised,53,56,57,Organised,51,46,61,Cover
1448,244,8394,2013-09-20 00:00:00,38,,23,Organised,53,56,57,Organised,51,46,61,Cover
1449,244,8394,2014-09-19 00:00:00,38,48.0,35,Organised,53,56,57,Organised,51,46,61,Cover
1450,244,8394,2015-09-10 00:00:00,52,52.0,50,Organised,52,56,57,Organised,48,43,49,Cover
1451,112512,8027,2014-09-19 00:00:00,54,51.0,40,Organised,67,49,52,Organised,44,47,52,Cover
1452,112512,8027,2015-09-10 00:00:00,54,51.0,40,Organised,46,49,52,Organised,44,47,52,Cover
1453,15005,10000,2010-02-22 00:00:00,65,,60,Organised,60,40,50,Organised,70,60,70,Cover
1454,15005,10000,2011-02-22 00:00:00,52,,52,Organised,52,48,53,Organised,46,48,53,Cover
1455,15005,10000,2012-02-22 00:00:00,54,,51,Organised,47,52,50,Organised,44,55,53,Cover
1456,15005,10000,2013-09-20 00:00:00,54,,51,Organised,47,52,32,Organised,44,58,37,Cover
1457,15005,10000,2014-09-19 00:00:00,54,42.0,51,Organised,47,52,32,Organised,44,58,37,Cover
1458,15005,10000,2015-09-10 00:00:00,54,42.0,51,Organised,47,52,32,Organised,44,58,37,Cover
